,OBJECTID_1,OBJECTID,S_CODE,S_NAME,D_CODE,D_NAME,AC_NAME,PC_NO,PC_NAME,AC_NO,Shape_Length,Shape_Area,OBJECTID_2,S_CODE_2,S_NAME_2,D_CODE_2,D_NAME_2,PS_CODE,PS_NAME,B_CODE,B_NAME,TRU,AC_NAME_2,PC_NAME_2,GP_CODE,GP_NAME,V_CODE,V_NAME,CLASS,NO_HH,TOT_P,TOT_M,TOT_F,P_LIT,M_LIT,F_LIT,P_ILL,M_ILL,F_ILL,Shape_Length_2,Shape_Area_2,PM_Kisan_merged_vill_name,PM_Kisan_merged_vill_code,PM_Kisan_merged_reg_count,PM_Kisan_merged_full_pay_count,PM_Kisan_merged_part_pay_count,PM_Kisan_merged_no_pay_count,PM_Kisan_merged_extra_pay_count,PM_Kisan_merged_no_install_paid,PM_Kisan_merged_no_install_due,PM_Kisan_merged_amount_paid,PM_Kisan_merged_amount_due
1651,8,8,21,ODISHA,372,SAMBALPUR,KUCHINDA (ST),3,SAMBALPUR,15,3.63832213965489,0.184546027633726,51249.0,21.0,ODISHA,373.0,DEBAGARH,2803.0,REAMAL P.S,3348.0,TILEIBANI,RURAL,DEOGARH,SAMBALPUR,117232.0,SODO,383236.0,KURAIBAHAL,VILLAGE,19.0,79.0,40.0,39.0,39.0,22.0,17.0,40.0,18.0,22.0,0.0407982269630353,6.65688483382664e-05,Kuraibahal - (383236),383236.0,5.0,0.0,1.0,0.0,4.0,28.0,28.0,56000.0,56000.0
2530,9,9,21,ODISHA,372,SAMBALPUR,RAIRAKHOL,3,SAMBALPUR,18,3.60187484951705,0.280031344781164,38892.0,21.0,ODISHA,372.0,SAMBALPUR,2793.0,KISINDA P.S,3564.0,NAKTIDEUL,RURAL,RAIRAKHOL,SAMBALPUR,121391.0,PANIMURA,382097.0,BELBAHALI,VILLAGE,5.0,25.0,10.0,15.0,18.0,8.0,10.0,7.0,2.0,5.0,0.0442195953590245,0.0001087003409584,,,,,,,,,,,
2871,11,11,21,ODISHA,372,SAMBALPUR,SAMBALPUR,3,SAMBALPUR,17,0.666565857032802,0.0100602840573063,,,,,,,,,,,,,,,,,,,,,,,,,,,,,,,,,,,,,,,,
3731,12,12,21,ODISHA,373,DEBAGARH,DEOGARH,3,SAMBALPUR,19,3.94277030899797,0.263150884217607,51249.0,21.0,ODISHA,373.0,DEBAGARH,2803.0,REAMAL P.S,3348.0,TILEIBANI,RURAL,DEOGARH,SAMBALPUR,117232.0,SODO,383236.0,KURAIBAHAL,VILLAGE,19.0,79.0,40.0,39.0,39.0,22.0,17.0,40.0,18.0,22.0,0.0407982269630353,6.65688483382664e-05,Kuraibahal - (383236),383236.0,5.0,0.0,1.0,0.0,4.0,28.0,28.0,56000.0,56000.0
4852,17,17,21,ODISHA,374,SUNDARGARH,ROURKELA,2,SUNDARGARH (ST),12,0.31681052667038,0.0043553542636863,,,,,,,,,,,,,,,,,,,,,,,,,,,,,,,,,,,,,,,,
5985,21,21,21,ODISHA,375,KENDUJHAR,CHAMPUA,4,KEONJHAR (ST),25,2.16507596474722,0.0856575077823934,1582.0,21.0,ODISHA,375.0,KENDUJHAR,2839.0,CHAMPUA P.S,3445.0,CHAMPUA,RURAL,CHAMPUA,KEONJHAR (ST),119289.0,CHAMPUA,385410.0,CHANDRASEKHARPUR,VILLAGE,95.0,480.0,228.0,252.0,236.0,145.0,91.0,244.0,83.0,161.0,0.0524450403366374,0.0001310638129623,,,,,,,,,,,
5988,21,21,21,ODISHA,375,KENDUJHAR,CHAMPUA,4,KEONJHAR (ST),25,2.16507596474722,0.0856575077823934,114.0,21.0,ODISHA,375.0,KENDUJHAR,2839.0,CHAMPUA P.S,3445.0,CHAMPUA,RURAL,CHAMPUA,KEONJHAR (ST),119289.0,CHAMPUA,385409.0,RAMALA,VILLAGE,438.0,2572.0,1374.0,1198.0,1451.0,901.0,550.0,1121.0,473.0,648.0,0.110530131513207,0.0005186584509129,,,,,,,,,,,
5989,21,21,21,ODISHA,375,KENDUJHAR,CHAMPUA,4,KEONJHAR (ST),25,2.16507596474722,0.0856575077823934,1693.0,21.0,ODISHA,375.0,KENDUJHAR,2839.0,CHAMPUA P.S,3445.0,CHAMPUA,RURAL,CHAMPUA,KEONJHAR (ST),119289.0,CHAMPUA,385408.0,BIRADHANURJAYNARAYANPUR,VILLAGE,177.0,870.0,460.0,410.0,712.0,407.0,305.0,158.0,53.0,105.0,0.0587800151998992,9.78310515876042e-05,,,,,,,,,,,
5991,21,21,21,ODISHA,375,KENDUJHAR,CHAMPUA,4,KEONJHAR (ST),25,2.16507596474722,0.0856575077823934,1085.0,21.0,ODISHA,375.0,KENDUJHAR,2839.0,CHAMPUA P.S,3445.0,CHAMPUA,RURAL,CHAMPUA,KEONJHAR (ST),119289.0,CHAMPUA,385403.0,SANKARPUR,VILLAGE,25.0,110.0,54.0,56.0,67.0,38.0,29.0,43.0,16.0,27.0,0.0515076980430641,9.47221424110039e-05,,,,,,,,,,,
5992,21,21,21,ODISHA,375,KENDUJHAR,CHAMPUA,4,KEONJHAR (ST),25,2.16507596474722,0.0856575077823934,589.0,21.0,ODISHA,375.0,KENDUJHAR,2839.0,CHAMPUA P.S,3445.0,CHAMPUA,RURAL,CHAMPUA,KEONJHAR (ST),119289.0,CHAMPUA,385404.0,ANANDAPUR ALIAS PANCHAPOKHARIA,VILLAGE,249.0,1099.0,540.0,559.0,625.0,362.0,263.0,474.0,178.0,296.0,0.0817115783340711,0.0003119854919469,,,,,,,,,,,
5993,21,21,21,ODISHA,375,KENDUJHAR,CHAMPUA,4,KEONJHAR (ST),25,2.16507596474722,0.0856575077823934,1084.0,21.0,ODISHA,375.0,KENDUJHAR,2839.0,CHAMPUA P.S,3445.0,CHAMPUA,RURAL,CHAMPUA,KEONJHAR (ST),119289.0,CHAMPUA,385405.0,SIRAPUR,VILLAGE,75.0,383.0,176.0,207.0,193.0,100.0,93.0,190.0,76.0,114.0,0.0411963697617821,8.07732181902855e-05,,,,,,,,,,,
5995,21,21,21,ODISHA,375,KENDUJHAR,CHAMPUA,4,KEONJHAR (ST),25,2.16507596474722,0.0856575077823934,473.0,21.0,ODISHA,375.0,KENDUJHAR,2839.0,CHAMPUA P.S,3445.0,CHAMPUA,RURAL,CHAMPUA,KEONJHAR (ST),119289.0,CHAMPUA,385407.0,GODHULI,VILLAGE,397.0,1668.0,853.0,815.0,1030.0,621.0,409.0,638.0,232.0,406.0,0.0943444280382654,0.0004282781087034,,,,,,,,,,,
11634,35,36,21,ODISHA,377,BALESWAR,BALASORE,6,BALASORE,38,1.32920101913294,0.0293156736830922,24106.0,21.0,ODISHA,377.0,BALESWAR,2895.0,BASTA P.S,3299.0,BALESWAR SADAR,RURAL,BALASORE,BALASORE,116071.0,HALADIPADA,392548.0,SOMNATHAPUR,VILLAGE,191.0,815.0,431.0,384.0,653.0,362.0,291.0,162.0,69.0,93.0,0.0241386695576338,2.62316431466288e-05,Somnathapur - (392548),392548.0,61.0,2.0,12.0,2.0,45.0,342.0,358.0,684000.0,716000.0
13446,40,41,21,ODISHA,377,BALESWAR,REMUNA(SC),6,BALASORE,39,1.85824348616144,0.0397985799863715,22177.0,21.0,ODISHA,377.0,BALESWAR,2901.0,BAMPADA P.S,3670.0,REMUNA,RURAL,REMUNA(SC),BALASORE,116268.0,BIRUHAN,392548.0,SOMNATHAPUR,VILLAGE,191.0,815.0,431.0,384.0,653.0,362.0,291.0,162.0,69.0,93.0,0.0844106835551295,0.0003361226384968,Somnathapur - (392548),392548.0,61.0,2.0,12.0,2.0,45.0,342.0,358.0,684000.0,716000.0
13600,40,41,21,ODISHA,377,BALESWAR,REMUNA(SC),6,BALASORE,39,1.85824348616144,0.0397985799863715,22715.0,21.0,ODISHA,377.0,BALESWAR,2897.0,BALESHWAR SADAR P.S,3299.0,BALESWAR SADAR,RURAL,REMUNA(SC),BALASORE,116080.0,PADAMPUR,392853.0,PURASTAMPUR,VILLAGE,90.0,369.0,195.0,174.0,297.0,164.0,133.0,72.0,31.0,41.0,0.0299438759495277,2.55714918947712e-05,Purastampur - (392853),392853.0,0.0,0.0,0.0,0.0,0.0,0.0,0.0,0.0,0.0
13601,40,41,21,ODISHA,377,BALESWAR,REMUNA(SC),6,BALASORE,39,1.85824348616144,0.0397985799863715,21475.0,21.0,ODISHA,377.0,BALESWAR,2899.0,CHANDIPUR P.S,3299.0,BALESWAR SADAR,RURAL,REMUNA(SC),BALASORE,116080.0,PADAMPUR,392853.0,PURASTAMPUR,VILLAGE,90.0,369.0,195.0,174.0,297.0,164.0,133.0,72.0,31.0,41.0,0.0139314808863549,1.35592435534697e-05,Purastampur - (392853),392853.0,0.0,0.0,0.0,0.0,0.0,0.0,0.0,0.0,0.0
17137,52,53,21,ODISHA,379,KENDRAPARA,RAJNAGAR,15,KENDRAPARA,99,1.80355832897091,0.0639471974842987,14662.0,21.0,ODISHA,379.0,KENDRAPARA,2923.0,RAJNAGAR P.S,3442.0,RAJNAGAR,RURAL,RAJNAGAR,KENDRAPARA,119236.0,DERA,395984.0,KAITHA,VILLAGE,196.0,971.0,499.0,472.0,744.0,397.0,347.0,227.0,102.0,125.0,0.0659174871294853,0.0001835216639647,Kaitha - (395984),395984.0,97.0,3.0,10.0,20.0,64.0,432.0,505.0,864000.0,1010000.0
17154,52,53,21,ODISHA,379,KENDRAPARA,RAJNAGAR,15,KENDRAPARA,99,1.80355832897091,0.0639471974842987,15624.0,21.0,ODISHA,379.0,KENDRAPARA,2923.0,RAJNAGAR P.S,3442.0,RAJNAGAR,RURAL,RAJNAGAR,KENDRAPARA,119236.0,DERA,395984.0,KAITHA,VILLAGE,196.0,971.0,499.0,472.0,744.0,397.0,347.0,227.0,102.0,125.0,0.0322797773856875,3.77591103997697e-05,Kaitha - (395984),395984.0,97.0,3.0,10.0,20.0,64.0,432.0,505.0,864000.0,1010000.0
17520,53,54,21,ODISHA,380,JAGATSINGHPUR,BALIKUDA-ERASAMA,16,JAGATSINGHPUR (SC),103,1.75196865933123,0.0593792019372189,25584.0,21.0,ODISHA,380.0,JAGATSINGHPUR,2938.0,ERSAMA P.S,3388.0,ERASAMA,RURAL,BALIKUDA-ERASAMA,JAGATSINGHPUR (SC),118107.0,KUNJAKOTHI,397389.0,NUARATANPUR,VILLAGE,329.0,1337.0,694.0,643.0,1096.0,599.0,497.0,241.0,95.0,146.0,0.0374669170878909,8.06453347112382e-05,,,,,,,,,,,
17575,53,54,21,ODISHA,380,JAGATSINGHPUR,BALIKUDA-ERASAMA,16,JAGATSINGHPUR (SC),103,1.75196865933123,0.0593792019372189,25005.0,21.0,ODISHA,380.0,JAGATSINGHPUR,2942.0,NAUGAON P.S,3386.0,BALIKUDA,UI,BALIKUDA-ERASAMA,JAGATSINGHPUR (SC),118059.0,MACHHAGAON,398197.0,BILATELA SARA,VILLAGE (UI),0.0,0.0,0.0,0.0,0.0,0.0,0.0,0.0,0.0,0.0,0.0360223291875542,7.61481099150317e-05,,,,,,,,,,,
17620,53,54,21,ODISHA,380,JAGATSINGHPUR,BALIKUDA-ERASAMA,16,JAGATSINGHPUR (SC),103,1.75196865933123,0.0593792019372189,24351.0,21.0,ODISHA,380.0,JAGATSINGHPUR,2938.0,ERSAMA P.S,3388.0,ERASAMA,UI,BALIKUDA-ERASAMA,JAGATSINGHPUR (SC),118172.0,ZILLANASI,397399.0,KULADANDA,VILLAGE (UI),0.0,0.0,0.0,0.0,0.0,0.0,0.0,0.0,0.0,0.0,0.0308867546888586,5.76699697437153e-05,,,,,,,,,,,
17804,53,54,21,ODISHA,380,JAGATSINGHPUR,BALIKUDA-ERASAMA,16,JAGATSINGHPUR (SC),103,1.75196865933123,0.0593792019372189,24373.0,21.0,ODISHA,380.0,JAGATSINGHPUR,2943.0,BALIKUDA P.S,3386.0,BALIKUDA,UI,BALIKUDA-ERASAMA,JAGATSINGHPUR (SC),118060.0,MARICHPUR,398409.0,NADIAKHIA,VILLAGE (UI),0.0,0.0,0.0,0.0,0.0,0.0,0.0,0.0,0.0,0.0,0.0984481312246177,0.0002968561573227,,,,,,,,,,,
18090,55,56,21,ODISHA,380,JAGATSINGHPUR,PARADEEP,16,JAGATSINGHPUR (SC),101,1.34125576174146,0.0292429233397859,25538.0,21.0,ODISHA,380.0,JAGATSINGHPUR,2937.0,ABHYACHANDPUR P.S,3390.0,KUJANG,RURAL,PARADEEP,JAGATSINGHPUR (SC),118164.0,NUAGARRH,397141.0,UDAYACHANDRAPUR,VILLAGE,50.0,200.0,104.0,96.0,121.0,71.0,50.0,79.0,33.0,46.0,0.0716250487533436,0.0003212525124954,,,,,,,,,,,
18229,55,56,21,ODISHA,380,JAGATSINGHPUR,PARADEEP,16,JAGATSINGHPUR (SC),101,1.34125576174146,0.0292429233397859,25587.0,21.0,ODISHA,380.0,JAGATSINGHPUR,2939.0,TIRTOL P.S,3393.0,TIRTOL,RURAL,PARADEEP,JAGATSINGHPUR (SC),118230.0,SAMANTARAPUR,397527.0,KULASAMANTARAPUR,VILLAGE,244.0,1009.0,517.0,492.0,833.0,443.0,390.0,176.0,74.0,102.0,0.0192686558304118,1.70131897025624e-05,,,,,,,,,,,
18374,56,57,21,ODISHA,380,JAGATSINGHPUR,TIRTOL (SC),16,JAGATSINGHPUR (SC),102,1.63317455256481,0.0341836243703508,24842.0,21.0,ODISHA,380.0,JAGATSINGHPUR,2940.0,JAGATSINGHAPUR P.S,3392.0,RAGHUNATHPUR,RURAL,TIRTOL (SC),JAGATSINGHPUR (SC),118196.0,JAGANNATHPUR,397787.0,JAGANATHPUR,VILLAGE,991.0,3849.0,1980.0,1869.0,3127.0,1714.0,1413.0,722.0,266.0,456.0,0.0520917370636319,0.0001507975921369,,,,,,,,,,,
18506,56,57,21,ODISHA,380,JAGATSINGHPUR,TIRTOL (SC),16,JAGATSINGHPUR (SC),102,1.63317455256481,0.0341836243703508,25586.0,21.0,ODISHA,380.0,JAGATSINGHPUR,2940.0,JAGATSINGHAPUR P.S,3392.0,RAGHUNATHPUR,RURAL,TIRTOL (SC),JAGATSINGHPUR (SC),118207.0,TARIKUNDA,397852.0,HARIRAMPATNA,VILLAGE,161.0,803.0,425.0,378.0,646.0,356.0,290.0,157.0,69.0,88.0,0.028914547648847,4.97503034366195e-05,,,,,,,,,,,
22435,73,74,21,ODISHA,383,DHENKANAL,DHENKANAL,9,DHENKANAL,55,2.28142432146739,0.0891341936417345,51308.0,21.0,ODISHA,383.0,DHENKANAL,2991.0,GANDIA P.S,3351.0,GONDIA,RURAL,DHENKANAL,DHENKANAL,117298.0,MANDAR A,402302.0,TULASIPASI,VILLAGE,103.0,344.0,190.0,154.0,267.0,159.0,108.0,77.0,31.0,46.0,0.0562022326512088,0.0001388182329606,Tulasipasi - (402302),402302.0,28.0,3.0,13.0,1.0,11.0,118.0,174.0,236000.0,348000.0
23591,76,77,21,ODISHA,383,DHENKANAL,PARJANGA,9,DHENKANAL,58,2.61328944500346,0.13602866601562,2205.0,21.0,ODISHA,383.0,DHENKANAL,2987.0,PARJANG P.S,3356.0,PARJANG,RURAL,PARJANGA,DHENKANAL,117416.0,CHANDPUR,402302.0,TULASIPASI,VILLAGE,103.0,344.0,190.0,154.0,267.0,159.0,108.0,77.0,31.0,46.0,0.139232914574214,0.0004764986754905,Tulasipasi - (402302),402302.0,28.0,3.0,13.0,1.0,11.0,118.0,174.0,236000.0,348000.0
24785,80,82,21,ODISHA,384,ANUGUL,PALLAHARA,9,DHENKANAL,59,3.20327936314114,0.150393653165546,10675.0,21.0,ODISHA,384.0,ANUGUL,3000.0,PALALAHADA P.S,3282.0,PALALAHADA,RURAL,PALLAHARA,DHENKANAL,115728.0,NAGIRA,403396.0,RADA,VILLAGE,62.0,310.0,168.0,142.0,88.0,58.0,30.0,222.0,110.0,112.0,0.085745791564745,0.0003450769065052,,,,,,,,,,,
24786,80,82,21,ODISHA,384,ANUGUL,PALLAHARA,9,DHENKANAL,59,3.20327936314114,0.150393653165546,10117.0,21.0,ODISHA,384.0,ANUGUL,3000.0,PALALAHADA P.S,3282.0,PALALAHADA,RURAL,PALLAHARA,DHENKANAL,115728.0,NAGIRA,403397.0,BARADIHA,VILLAGE,56.0,321.0,171.0,150.0,82.0,61.0,21.0,239.0,110.0,129.0,0.110136494730174,0.0004677910141053,,,,,,,,,,,
24790,80,82,21,ODISHA,384,ANUGUL,PALLAHARA,9,DHENKANAL,59,3.20327936314114,0.150393653165546,10342.0,21.0,ODISHA,384.0,ANUGUL,3000.0,PALALAHADA P.S,3282.0,PALALAHADA,RURAL,PALLAHARA,DHENKANAL,115728.0,NAGIRA,403394.0,TANUGOLA,VILLAGE,86.0,419.0,207.0,212.0,110.0,68.0,42.0,309.0,139.0,170.0,0.140433952558771,0.0008287330717426,,,,,,,,,,,
24798,80,82,21,ODISHA,384,ANUGUL,PALLAHARA,9,DHENKANAL,59,3.20327936314114,0.150393653165546,10119.0,21.0,ODISHA,384.0,ANUGUL,3000.0,PALALAHADA P.S,3282.0,PALALAHADA,RURAL,PALLAHARA,DHENKANAL,115728.0,NAGIRA,403393.0,KHADAKA,VILLAGE,69.0,330.0,157.0,173.0,50.0,35.0,15.0,280.0,122.0,158.0,0.112635367280486,0.00067848307183,,,,,,,,,,,
24799,80,82,21,ODISHA,384,ANUGUL,PALLAHARA,9,DHENKANAL,59,3.20327936314114,0.150393653165546,10118.0,21.0,ODISHA,384.0,ANUGUL,3000.0,PALALAHADA P.S,3282.0,PALALAHADA,RURAL,PALLAHARA,DHENKANAL,115728.0,NAGIRA,403399.0,SALEI,VILLAGE,97.0,473.0,223.0,250.0,71.0,48.0,23.0,402.0,175.0,227.0,0.114575623740655,0.0006453834997839,,,,,,,,,,,
24800,80,82,21,ODISHA,384,ANUGUL,PALLAHARA,9,DHENKANAL,59,3.20327936314114,0.150393653165546,9890.0,21.0,ODISHA,384.0,ANUGUL,3000.0,PALALAHADA P.S,3282.0,PALALAHADA,RURAL,PALLAHARA,DHENKANAL,115728.0,NAGIRA,403398.0,BARUNDIHA,VILLAGE,34.0,174.0,87.0,87.0,31.0,27.0,4.0,143.0,60.0,83.0,0.0695124291973519,0.0002636015051686,,,,,,,,,,,
27595,88,90,21,ODISHA,386,KHORDHA,BHUBANESWAR(CENTRAL) MADHYA,18,BHUBANESWAR,112,0.808006324153055,0.0159813689933221,,,,,,,,,,,,,,,,,,,,,,,,,,,,,,,,,,,,,,,,
31706,105,107,21,ODISHA,388,GANJAM,DIGAPAHANDI,20,BERHAMPUR,134,2.30031298460489,0.0644111000335211,36153.0,21.0,ODISHA,388.0,GANJAM,3097.0,NUAGAON P.S,3372.0,DIGAPAHANDI,UI,DIGAPAHANDI,BERHAMPUR,117740.0,KHAMARIGAM,412939.0,BADAPADAHILL,VILLAGE (UI),0.0,0.0,0.0,0.0,0.0,0.0,0.0,0.0,0.0,0.0,0.0254024967604605,2.93887979135786e-05,Badapadahill - (412939),412939.0,0.0,0.0,0.0,0.0,0.0,0.0,0.0,0.0,0.0
31729,105,107,21,ODISHA,388,GANJAM,DIGAPAHANDI,20,BERHAMPUR,134,2.30031298460489,0.0644111000335211,34287.0,21.0,ODISHA,388.0,GANJAM,3097.0,NUAGAON P.S,3372.0,DIGAPAHANDI,UI,DIGAPAHANDI,BERHAMPUR,117740.0,KHAMARIGAM,412939.0,BADAPADAHILL,VILLAGE (UI),0.0,0.0,0.0,0.0,0.0,0.0,0.0,0.0,0.0,0.0,0.223362955785215,0.0007233210759113,Badapadahill - (412939),412939.0,0.0,0.0,0.0,0.0,0.0,0.0,0.0,0.0,0.0
39719,121,124,21,ODISHA,392,SUBARNAPUR,SONEPUR,10,BOLANGIR,65,2.52969442477791,0.0929997668044884,9118.0,21.0,ODISHA,392.0,SUBARNAPUR,3139.0,SONAPUR P.S,3570.0,SONEPUR,RURAL,SONEPUR,BOLANGIR,121483.0,MALLIKMUNDA,419563.0,MALLIKMUNDA,VILLAGE,191.0,808.0,415.0,393.0,432.0,254.0,178.0,376.0,161.0,215.0,0.0503255752272096,0.000138332043103,Mallikmunda - (419563),419563.0,134.0,52.0,40.0,4.0,38.0,753.0,879.0,1506000.0,1758000.0
39730,121,124,21,ODISHA,392,SUBARNAPUR,SONEPUR,10,BOLANGIR,65,2.52969442477791,0.0929997668044884,8692.0,21.0,ODISHA,392.0,SUBARNAPUR,3139.0,SONAPUR P.S,3570.0,SONEPUR,RURAL,SONEPUR,BOLANGIR,121483.0,MALLIKMUNDA,419563.0,MALLIKMUNDA,VILLAGE,191.0,808.0,415.0,393.0,432.0,254.0,178.0,376.0,161.0,215.0,0.0602805108095222,0.0002051319116312,Mallikmunda - (419563),419563.0,134.0,52.0,40.0,4.0,38.0,753.0,879.0,1506000.0,1758000.0
42745,130,133,21,ODISHA,395,KALAHANDI,DHARMGARH,11,KALAHANDI,79,2.56761371953623,0.094356627137886,43098.0,21.0,ODISHA,395.0,KALAHANDI,3168.0,DHARAMGARH P.S,3410.0,DHARAMAGARH,RURAL,DHARMGARH,KALAHANDI,118633.0,DHARMAGARH,423959.0,TALPADAR,VILLAGE,188.0,675.0,336.0,339.0,367.0,221.0,146.0,308.0,115.0,193.0,0.0745228214497709,0.0002380893168789,,,,,,,,,,,
46623,136,139,21,ODISHA,396,RAYAGADA,RAYAGADA(ST),21,KORAPUT (ST),140,4.40452057218038,0.193276598834275,45534.0,21.0,ODISHA,396.0,RAYAGADA,3180.0,DORAGUDA P.S,3552.0,KASIPUR,UI,RAYAGADA(ST),KORAPUT (ST),121176.0,DONGASIL,426158.0,KODITIKHALA,VILLAGE (UI),0.0,0.0,0.0,0.0,0.0,0.0,0.0,0.0,0.0,0.0,0.0085485480246356,5.24151057184607e-06,Koditikhala - (426158),426158.0,0.0,0.0,0.0,0.0,0.0,0.0,0.0,0.0,0.0
46624,136,139,21,ODISHA,396,RAYAGADA,RAYAGADA(ST),21,KORAPUT (ST),140,4.40452057218038,0.193276598834275,46431.0,21.0,ODISHA,396.0,RAYAGADA,3180.0,DORAGUDA P.S,3552.0,KASIPUR,RURAL,RAYAGADA(ST),KORAPUT (ST),121176.0,DONGASIL,426158.0,KODITIKHALA,VILLAGE,0.0,0.0,0.0,0.0,0.0,0.0,0.0,0.0,0.0,0.0,0.0372311141532307,7.51879599242356e-05,Koditikhala - (426158),426158.0,0.0,0.0,0.0,0.0,0.0,0.0,0.0,0.0,0.0
47645,138,141,21,ODISHA,397,NABARANGAPUR,JHARIGAM (ST),12,NABRANGPUR (ST),74,2.7085524839096,0.139581994508208,46510.0,21.0,ODISHA,397.0,NABARANGAPUR,3189.0,UMARKOTE P.S,3522.0,UMERKOTE,RURAL,JHARIGAM (ST),NABARANGPUR (ST),120574.0,BENORA,427388.0,JANIGUDA,VILLAGE,45.0,212.0,102.0,110.0,86.0,54.0,32.0,126.0,48.0,78.0,0.0507043290775288,0.0001227336963756,,,,,,,,,,,
47708,138,141,21,ODISHA,397,NABARANGAPUR,JHARIGAM (ST),12,NABRANGPUR (ST),74,2.7085524839096,0.139581994508208,47321.0,21.0,ODISHA,397.0,NABARANGAPUR,3190.0,CHANDAHANDI P.S,3513.0,CHANDAHANDI,UI,JHARIGAM (ST),NABARANGPUR (ST),120426.0,KOILIMUNDA,427434.0,MALPODA,VILLAGE (UI),0.0,0.0,0.0,0.0,0.0,0.0,0.0,0.0,0.0,0.0,0.0312425409173937,3.86579796727926e-05,,,,,,,,,,,
47795,138,141,21,ODISHA,397,NABARANGAPUR,JHARIGAM (ST),12,NABRANGPUR (ST),74,2.7085524839096,0.139581994508208,47319.0,21.0,ODISHA,397.0,NABARANGAPUR,3190.0,CHANDAHANDI P.S,3513.0,CHANDAHANDI,UI,JHARIGAM (ST),NABARANGPUR (ST),120422.0,DALABEDA,427431.0,GHUNGUTIPARA,VILLAGE (UI),0.0,0.0,0.0,0.0,0.0,0.0,0.0,0.0,0.0,0.0,0.0325419733493654,6.42474993157122e-05,,,,,,,,,,,
47808,138,141,21,ODISHA,397,NABARANGAPUR,JHARIGAM (ST),12,NABRANGPUR (ST),74,2.7085524839096,0.139581994508208,46703.0,21.0,ODISHA,397.0,NABARANGAPUR,3190.0,CHANDAHANDI P.S,3513.0,CHANDAHANDI,RURAL,JHARIGAM (ST),NABARANGPUR (ST),120430.0,PATAKHALIA,427465.0,DHURUAPARA,VILLAGE,28.0,86.0,38.0,48.0,37.0,25.0,12.0,49.0,13.0,36.0,0.040450981639459,9.4471545094832e-05,,,,,,,,,,,
49221,143,146,21,ODISHA,398,KORAPUT,KOTPAD (ST),12,NABRANGPUR (ST),142,3.79692140380696,0.16058226317973,49313.0,21.0,ODISHA,398.0,KORAPUT,3211.0,BOIPARIGUDA P.S,3467.0,BOIPARIGUDA,RURAL,KOTPAD (ST),NABARANGPUR (ST),119727.0,MAJHIGUDA,429497.0,ATALOGUDA,VILLAGE,26.0,109.0,56.0,53.0,12.0,9.0,3.0,97.0,47.0,50.0,0.0552813864259416,0.0001473444977928,,,,,,,,,,,
50266,146,149,21,ODISHA,399,MALKANGIRI,CHITRAKONDA (ST),12,NABRANGPUR (ST),147,4.13384719920388,0.239313837864543,49418.0,21.0,ODISHA,399.0,MALKANGIRI,3223.0,CHITRAKONDA P.S,3483.0,KUDUMULUGUMMA,RURAL,CHITRAKONDA (ST),NABARANGPUR (ST),119988.0,NAKAMAMUDI,430584.0,DANDRABEDA,VILLAGE,103.0,520.0,227.0,293.0,135.0,83.0,52.0,385.0,144.0,241.0,0.190107896731871,0.0012468247469203,,,,,,,,,,,
50351,146,149,21,ODISHA,399,MALKANGIRI,CHITRAKONDA (ST),12,NABRANGPUR (ST),147,4.13384719920388,0.239313837864543,49709.0,21.0,ODISHA,399.0,MALKANGIRI,3221.0,MATHILI P.S,3485.0,MATHILI,RURAL,CHITRAKONDA (ST),NABARANGPUR (ST),120011.0,CHEDENGA,430429.0,JAMUGUDA,VILLAGE,19.0,86.0,46.0,40.0,23.0,13.0,10.0,63.0,33.0,30.0,0.0405678957716253,9.73070970851459e-05,,,,,,,,,,,
50359,146,149,21,ODISHA,399,MALKANGIRI,CHITRAKONDA (ST),12,NABRANGPUR (ST),147,4.13384719920388,0.239313837864543,49858.0,21.0,ODISHA,399.0,MALKANGIRI,3221.0,MATHILI P.S,3485.0,MATHILI,UI,CHITRAKONDA (ST),NABARANGPUR (ST),120019.0,MATHILI,430437.0,BANDHAGUDA,VILLAGE (UI),0.0,0.0,0.0,0.0,0.0,0.0,0.0,0.0,0.0,0.0,0.0489900375932947,9.29586947263554e-05,,,,,,,,,,,
50376,146,149,21,ODISHA,399,MALKANGIRI,CHITRAKONDA (ST),12,NABRANGPUR (ST),147,4.13384719920388,0.239313837864543,49960.0,21.0,ODISHA,399.0,MALKANGIRI,3221.0,MATHILI P.S,3485.0,MATHILI,RURAL,CHITRAKONDA (ST),NABARANGPUR (ST),120012.0,DALAPATIGUDA,430401.0,KENDUGUDA,VILLAGE,103.0,399.0,191.0,208.0,178.0,130.0,48.0,221.0,61.0,160.0,0.0728286965429518,0.0002015237412693,,,,,,,,,,,
50382,146,149,21,ODISHA,399,MALKANGIRI,CHITRAKONDA (ST),12,NABRANGPUR (ST),147,4.13384719920388,0.239313837864543,50078.0,21.0,ODISHA,399.0,MALKANGIRI,3221.0,MATHILI P.S,3485.0,MATHILI,RURAL,CHITRAKONDA (ST),NABARANGPUR (ST),120012.0,DHUNGIAPUT,430370.0,DURUKAJODI,VILLAGE,139.0,668.0,317.0,351.0,333.0,187.0,146.0,335.0,130.0,205.0,0.0634922188928014,0.0002355010276569,,,,,,,,,,,
50390,146,149,21,ODISHA,399,MALKANGIRI,CHITRAKONDA (ST),12,NABRANGPUR (ST),147,4.13384719920388,0.239313837864543,50164.0,21.0,ODISHA,399.0,MALKANGIRI,3221.0,MATHILI P.S,3485.0,MATHILI,RURAL,CHITRAKONDA (ST),NABARANGPUR (ST),120010.0,CHAULAMENDI,430447.0,ANLAJODI,VILLAGE,16.0,55.0,28.0,27.0,18.0,13.0,5.0,37.0,15.0,22.0,0.0368957157594411,7.09540380408317e-05,,,,,,,,,,,
50396,146,149,21,ODISHA,399,MALKANGIRI,CHITRAKONDA (ST),12,NABRANGPUR (ST),147,4.13384719920388,0.239313837864543,49803.0,21.0,ODISHA,399.0,MALKANGIRI,3221.0,MATHILI P.S,3485.0,MATHILI,RURAL,CHITRAKONDA (ST),NABARANGPUR (ST),120017.0,KIANGO,430367.0,SINDHIGUDA,VILLAGE,87.0,382.0,189.0,193.0,137.0,80.0,57.0,245.0,109.0,136.0,0.076243319866353,0.0002525695381812,,,,,,,,,,,
50433,146,149,21,ODISHA,399,MALKANGIRI,CHITRAKONDA (ST),12,NABRANGPUR (ST),147,4.13384719920388,0.239313837864543,49368.0,21.0,ODISHA,399.0,MALKANGIRI,3221.0,MATHILI P.S,3485.0,MATHILI,RURAL,CHITRAKONDA (ST),NABARANGPUR (ST),120025.0,TEMURUPALLI,430354.0,KATAPADAR,VILLAGE,77.0,334.0,159.0,175.0,13.0,8.0,5.0,321.0,151.0,170.0,0.0546445434828364,0.0001937527282856,,,,,,,,,,,
50457,146,149,21,ODISHA,399,MALKANGIRI,CHITRAKONDA (ST),12,NABRANGPUR (ST),147,4.13384719920388,0.239313837864543,50024.0,21.0,ODISHA,399.0,MALKANGIRI,3220.0,MALKANGIRI P.S,3485.0,MATHILI,RURAL,CHITRAKONDA (ST),NABARANGPUR (ST),120016.0,KATAPALLI,430141.0,GOLITANGIRI,VILLAGE,52.0,232.0,116.0,116.0,33.0,19.0,14.0,199.0,97.0,102.0,0.177900217996248,0.0008423657495951,,,,,,,,,,,
50465,146,149,21,ODISHA,399,MALKANGIRI,CHITRAKONDA (ST),12,NABRANGPUR (ST),147,4.13384719920388,0.239313837864543,49972.0,21.0,ODISHA,399.0,MALKANGIRI,3221.0,MATHILI P.S,3485.0,MATHILI,RURAL,CHITRAKONDA (ST),NABARANGPUR (ST),120025.0,TEMURUPALLI,430417.0,PEDAGUDA,VILLAGE,74.0,317.0,161.0,156.0,30.0,18.0,12.0,287.0,143.0,144.0,0.0734738550810066,0.000109436862888,,,,,,,,,,,
50467,146,149,21,ODISHA,399,MALKANGIRI,CHITRAKONDA (ST),12,NABRANGPUR (ST),147,4.13384719920388,0.239313837864543,50216.0,21.0,ODISHA,399.0,MALKANGIRI,3221.0,MATHILI P.S,3481.0,KHAIRAPUT,RURAL,CHITRAKONDA (ST),NABARANGPUR (ST),119952.0,GOVINDAPALLI,430394.0,NUAGUDA-II,VILLAGE,13.0,45.0,21.0,24.0,16.0,13.0,3.0,29.0,8.0,21.0,0.0294647731373118,3.4787174105348e-05,,,,,,,,,,,
50468,146,149,21,ODISHA,399,MALKANGIRI,CHITRAKONDA (ST),12,NABRANGPUR (ST),147,4.13384719920388,0.239313837864543,50225.0,21.0,ODISHA,399.0,MALKANGIRI,3221.0,MATHILI P.S,3481.0,KHAIRAPUT,RURAL,CHITRAKONDA (ST),NABARANGPUR (ST),119952.0,GOVINDAPALLI,430381.0,BAGHAANGAR,VILLAGE,18.0,79.0,46.0,33.0,0.0,0.0,0.0,79.0,46.0,33.0,0.0247479059043089,2.13120769488596e-05,,,,,,,,,,,
50472,146,149,21,ODISHA,399,MALKANGIRI,CHITRAKONDA (ST),12,NABRANGPUR (ST),147,4.13384719920388,0.239313837864543,50408.0,21.0,ODISHA,399.0,MALKANGIRI,3221.0,MATHILI P.S,3481.0,KHAIRAPUT,RURAL,CHITRAKONDA (ST),NABARANGPUR (ST),119952.0,GOVINDAPALLI,430392.0,BADAGHAT,VILLAGE,10.0,46.0,22.0,24.0,4.0,4.0,0.0,42.0,18.0,24.0,0.0253077366361474,3.2367899810547e-05,,,,,,,,,,,
50474,146,149,21,ODISHA,399,MALKANGIRI,CHITRAKONDA (ST),12,NABRANGPUR (ST),147,4.13384719920388,0.239313837864543,50350.0,21.0,ODISHA,399.0,MALKANGIRI,3221.0,MATHILI P.S,3481.0,KHAIRAPUT,RURAL,CHITRAKONDA (ST),NABARANGPUR (ST),119952.0,GOVINDAPALLI,430390.0,KOPRAKUT,VILLAGE,19.0,81.0,40.0,41.0,5.0,4.0,1.0,76.0,36.0,40.0,0.0353455731638772,5.06970302881375e-05,,,,,,,,,,,
50479,146,149,21,ODISHA,399,MALKANGIRI,CHITRAKONDA (ST),12,NABRANGPUR (ST),147,4.13384719920388,0.239313837864543,50223.0,21.0,ODISHA,399.0,MALKANGIRI,3221.0,MATHILI P.S,3481.0,KHAIRAPUT,RURAL,CHITRAKONDA (ST),NABARANGPUR (ST),119952.0,GOVINDAPALLI,430389.0,ADARLADI,VILLAGE,25.0,90.0,44.0,46.0,10.0,7.0,3.0,80.0,37.0,43.0,0.0275729311957527,3.06866224962059e-05,,,,,,,,,,,
50480,146,149,21,ODISHA,399,MALKANGIRI,CHITRAKONDA (ST),12,NABRANGPUR (ST),147,4.13384719920388,0.239313837864543,50405.0,21.0,ODISHA,399.0,MALKANGIRI,3222.0,MUDULIPADA P.S,3481.0,KHAIRAPUT,UI,CHITRAKONDA (ST),NABARANGPUR (ST),119952.0,GOVINDAPALLI,430514.0,DANGARAPALLI,VILLAGE (UI),0.0,0.0,0.0,0.0,0.0,0.0,0.0,0.0,0.0,0.0,0.0389210190225823,6.03566036666121e-05,,,,,,,,,,,
50481,146,149,21,ODISHA,399,MALKANGIRI,CHITRAKONDA (ST),12,NABRANGPUR (ST),147,4.13384719920388,0.239313837864543,50407.0,21.0,ODISHA,399.0,MALKANGIRI,3221.0,MATHILI P.S,3481.0,KHAIRAPUT,UI,CHITRAKONDA (ST),NABARANGPUR (ST),119952.0,GOVINDAPALLI,430380.0,NUAGUDA-I,VILLAGE (UI),0.0,0.0,0.0,0.0,0.0,0.0,0.0,0.0,0.0,0.0,0.0236587718044797,2.92310859222454e-05,,,,,,,,,,,
50482,146,149,21,ODISHA,399,MALKANGIRI,CHITRAKONDA (ST),12,NABRANGPUR (ST),147,4.13384719920388,0.239313837864543,50107.0,21.0,ODISHA,399.0,MALKANGIRI,3222.0,MUDULIPADA P.S,3481.0,KHAIRAPUT,RURAL,CHITRAKONDA (ST),NABARANGPUR (ST),119956.0,MUDULIPODA,430549.0,RAULGUDA,VILLAGE,30.0,106.0,54.0,52.0,16.0,6.0,10.0,90.0,48.0,42.0,0.237929735029318,0.0029594378383149,,,,,,,,,,,
50501,146,149,21,ODISHA,399,MALKANGIRI,CHITRAKONDA (ST),12,NABRANGPUR (ST),147,4.13384719920388,0.239313837864543,50406.0,21.0,ODISHA,399.0,MALKANGIRI,3221.0,MATHILI P.S,3481.0,KHAIRAPUT,RURAL,CHITRAKONDA (ST),NABARANGPUR (ST),119952.0,GOVINDAPALLI,430477.0,GOJIAGODA,VILLAGE,83.0,316.0,145.0,171.0,140.0,81.0,59.0,176.0,64.0,112.0,0.0314589628588514,5.12423831089264e-05,,,,,,,,,,,
50503,146,149,21,ODISHA,399,MALKANGIRI,CHITRAKONDA (ST),12,NABRANGPUR (ST),147,4.13384719920388,0.239313837864543,49912.0,21.0,ODISHA,399.0,MALKANGIRI,3222.0,MUDULIPADA P.S,3481.0,KHAIRAPUT,UI,CHITRAKONDA (ST),NABARANGPUR (ST),119954.0,KHAIRAPUT,430535.0,BASUDEBAPUR,VILLAGE (UI),0.0,0.0,0.0,0.0,0.0,0.0,0.0,0.0,0.0,0.0,0.0623439913681079,0.0001930788324757,,,,,,,,,,,
50504,146,149,21,ODISHA,399,MALKANGIRI,CHITRAKONDA (ST),12,NABRANGPUR (ST),147,4.13384719920388,0.239313837864543,49855.0,21.0,ODISHA,399.0,MALKANGIRI,3222.0,MUDULIPADA P.S,3481.0,KHAIRAPUT,UI,CHITRAKONDA (ST),NABARANGPUR (ST),119954.0,KHAIRAPUT,430534.0,DORAGUDA,VILLAGE (UI),0.0,0.0,0.0,0.0,0.0,0.0,0.0,0.0,0.0,0.0,0.0322520870930907,6.86180767484337e-05,,,,,,,,,,,
50517,146,149,21,ODISHA,399,MALKANGIRI,CHITRAKONDA (ST),12,NABRANGPUR (ST),147,4.13384719920388,0.239313837864543,50170.0,21.0,ODISHA,399.0,MALKANGIRI,3222.0,MUDULIPADA P.S,3481.0,KHAIRAPUT,RURAL,CHITRAKONDA (ST),NABARANGPUR (ST),119956.0,MUDULIPODA,430579.0,ANGURAGUDA,VILLAGE,18.0,81.0,40.0,41.0,18.0,8.0,10.0,63.0,32.0,31.0,0.102497490921607,0.0006570006524353,,,,,,,,,,,
50520,146,149,21,ODISHA,399,MALKANGIRI,CHITRAKONDA (ST),12,NABRANGPUR (ST),147,4.13384719920388,0.239313837864543,49525.0,21.0,ODISHA,399.0,MALKANGIRI,3222.0,MUDULIPADA P.S,3481.0,KHAIRAPUT,UI,CHITRAKONDA (ST),NABARANGPUR (ST),119956.0,MUDULIPODA,430533.0,DORAPADAR,VILLAGE (UI),0.0,0.0,0.0,0.0,0.0,0.0,0.0,0.0,0.0,0.0,0.0429422094604764,0.0001027527920386,,,,,,,,,,,
50522,146,149,21,ODISHA,399,MALKANGIRI,CHITRAKONDA (ST),12,NABRANGPUR (ST),147,4.13384719920388,0.239313837864543,49666.0,21.0,ODISHA,399.0,MALKANGIRI,3222.0,MUDULIPADA P.S,3481.0,KHAIRAPUT,UI,CHITRAKONDA (ST),NABARANGPUR (ST),119956.0,MUDULIPODA,430511.0,PRASANTAPUR,VILLAGE (UI),0.0,0.0,0.0,0.0,0.0,0.0,0.0,0.0,0.0,0.0,0.0301609183375455,6.15845045377561e-05,,,,,,,,,,,
50524,146,149,21,ODISHA,399,MALKANGIRI,CHITRAKONDA (ST),12,NABRANGPUR (ST),147,4.13384719920388,0.239313837864543,49766.0,21.0,ODISHA,399.0,MALKANGIRI,3222.0,MUDULIPADA P.S,3481.0,KHAIRAPUT,RURAL,CHITRAKONDA (ST),NABARANGPUR (ST),119953.0,KADAMGUDA,430513.0,DABUGUDA (B),VILLAGE,22.0,84.0,39.0,45.0,18.0,17.0,1.0,66.0,22.0,44.0,0.101095455343507,0.0004271938023907,,,,,,,,,,,
50525,146,149,21,ODISHA,399,MALKANGIRI,CHITRAKONDA (ST),12,NABRANGPUR (ST),147,4.13384719920388,0.239313837864543,49465.0,21.0,ODISHA,399.0,MALKANGIRI,3225.0,JODAMBA P.S,3483.0,KUDUMULUGUMMA,RURAL,CHITRAKONDA (ST),NABARANGPUR (ST),119986.0,JODAMBA,430807.0,PALASAPADER,VILLAGE,14.0,59.0,29.0,30.0,19.0,14.0,5.0,40.0,15.0,25.0,0.0696667582754593,0.0001992163949819,,,,,,,,,,,
50569,146,149,21,ODISHA,399,MALKANGIRI,CHITRAKONDA (ST),12,NABRANGPUR (ST),147,4.13384719920388,0.239313837864543,50088.0,21.0,ODISHA,399.0,MALKANGIRI,3220.0,MALKANGIRI P.S,3482.0,KORUKONDA,RURAL,CHITRAKONDA (ST),NABARANGPUR (ST),119980.0,TARLAKOTTA,430252.0,SIMILIGUDA,VILLAGE,37.0,176.0,93.0,83.0,27.0,17.0,10.0,149.0,76.0,73.0,0.0518065622311058,9.04142066413557e-05,,,,,,,,,,,
50570,146,149,21,ODISHA,399,MALKANGIRI,CHITRAKONDA (ST),12,NABRANGPUR (ST),147,4.13384719920388,0.239313837864543,50037.0,21.0,ODISHA,399.0,MALKANGIRI,3226.0,ORKEL P.S,3484.0,MALKANGIRI,RURAL,CHITRAKONDA (ST),NABARANGPUR (ST),119995.0,GANGALA,430874.0,DHAUDAGUDA,VILLAGE,50.0,231.0,104.0,127.0,25.0,15.0,10.0,206.0,89.0,117.0,0.068843484339956,0.0002877295328457,,,,,,,,,,,
50572,146,149,21,ODISHA,399,MALKANGIRI,CHITRAKONDA (ST),12,NABRANGPUR (ST),147,4.13384719920388,0.239313837864543,50266.0,21.0,ODISHA,399.0,MALKANGIRI,3226.0,ORKEL P.S,3482.0,KORUKONDA,RURAL,CHITRAKONDA (ST),NABARANGPUR (ST),119980.0,TARLAKOTTA,430872.0,DEGRA R.F.,VILLAGE,12.0,51.0,27.0,24.0,10.0,6.0,4.0,41.0,21.0,20.0,0.033174590183931,7.13603348210866e-05,,,,,,,,,,,
50582,146,149,21,ODISHA,399,MALKANGIRI,CHITRAKONDA (ST),12,NABRANGPUR (ST),147,4.13384719920388,0.239313837864543,50220.0,21.0,ODISHA,399.0,MALKANGIRI,3221.0,MATHILI P.S,3481.0,KHAIRAPUT,RURAL,CHITRAKONDA (ST),NABARANGPUR (ST),119952.0,GOVINDAPALLI,430385.0,RUKNIATAL,VILLAGE,30.0,123.0,68.0,55.0,0.0,0.0,0.0,123.0,68.0,55.0,0.0231103898291499,3.76024791342015e-05,,,,,,,,,,,
50584,146,149,21,ODISHA,399,MALKANGIRI,CHITRAKONDA (ST),12,NABRANGPUR (ST),147,4.13384719920388,0.239313837864543,50219.0,21.0,ODISHA,399.0,MALKANGIRI,3221.0,MATHILI P.S,3481.0,KHAIRAPUT,RURAL,CHITRAKONDA (ST),NABARANGPUR (ST),119955.0,MADKAPADAR,430384.0,DISARIGUDA,VILLAGE,26.0,105.0,39.0,66.0,46.0,21.0,25.0,59.0,18.0,41.0,0.0248108793362695,2.5239134332818e-05,,,,,,,,,,,
50585,146,149,21,ODISHA,399,MALKANGIRI,CHITRAKONDA (ST),12,NABRANGPUR (ST),147,4.13384719920388,0.239313837864543,50218.0,21.0,ODISHA,399.0,MALKANGIRI,3221.0,MATHILI P.S,3481.0,KHAIRAPUT,RURAL,CHITRAKONDA (ST),NABARANGPUR (ST),119955.0,MADKAPADAR,430383.0,TANGIRIGADON,VILLAGE,35.0,135.0,66.0,69.0,55.0,33.0,22.0,80.0,33.0,47.0,0.0254947246650888,3.12506879558415e-05,,,,,,,,,,,
50586,146,149,21,ODISHA,399,MALKANGIRI,CHITRAKONDA (ST),12,NABRANGPUR (ST),147,4.13384719920388,0.239313837864543,50217.0,21.0,ODISHA,399.0,MALKANGIRI,3221.0,MATHILI P.S,3481.0,KHAIRAPUT,RURAL,CHITRAKONDA (ST),NABARANGPUR (ST),119955.0,MADKAPADAR,430393.0,SAMAKUNDA-II,VILLAGE,11.0,51.0,21.0,30.0,10.0,5.0,5.0,41.0,16.0,25.0,0.0349181689792694,6.85982516383815e-05,,,,,,,,,,,
50618,146,149,21,ODISHA,399,MALKANGIRI,CHITRAKONDA (ST),12,NABRANGPUR (ST),147,4.13384719920388,0.239313837864543,49906.0,21.0,ODISHA,399.0,MALKANGIRI,3225.0,JODAMBA P.S,3483.0,KUDUMULUGUMMA,RURAL,CHITRAKONDA (ST),NABARANGPUR (ST),119983.0,ANDRAPALLI,430765.0,DABUGUDA,VILLAGE,33.0,152.0,87.0,65.0,57.0,39.0,18.0,95.0,48.0,47.0,0.0837671959951208,0.0002196339974196,,,,,,,,,,,
50621,146,149,21,ODISHA,399,MALKANGIRI,CHITRAKONDA (ST),12,NABRANGPUR (ST),147,4.13384719920388,0.239313837864543,49701.0,21.0,ODISHA,399.0,MALKANGIRI,3222.0,MUDULIPADA P.S,3481.0,KHAIRAPUT,UI,CHITRAKONDA (ST),NABARANGPUR (ST),119956.0,MUDULIPODA,430565.0,SURENDRAPUR,VILLAGE (UI),0.0,0.0,0.0,0.0,0.0,0.0,0.0,0.0,0.0,0.0,0.121350711200048,0.0006832403527041,,,,,,,,,,,
50623,146,149,21,ODISHA,399,MALKANGIRI,CHITRAKONDA (ST),12,NABRANGPUR (ST),147,4.13384719920388,0.239313837864543,49437.0,21.0,ODISHA,399.0,MALKANGIRI,3222.0,MUDULIPADA P.S,3481.0,KHAIRAPUT,UI,CHITRAKONDA (ST),NABARANGPUR (ST),119950.0,ANDRAHAL,430558.0,DASARATHAPUR,VILLAGE (UI),0.0,0.0,0.0,0.0,0.0,0.0,0.0,0.0,0.0,0.0,0.0830659913582007,0.0003147496325704,,,,,,,,,,,
50627,146,149,21,ODISHA,399,MALKANGIRI,CHITRAKONDA (ST),12,NABRANGPUR (ST),147,4.13384719920388,0.239313837864543,50105.0,21.0,ODISHA,399.0,MALKANGIRI,3225.0,JODAMBA P.S,3483.0,KUDUMULUGUMMA,RURAL,CHITRAKONDA (ST),NABARANGPUR (ST),119983.0,ANDRAPALLI,430771.0,BHAJAGUDA,VILLAGE,6.0,21.0,10.0,11.0,7.0,3.0,4.0,14.0,7.0,7.0,0.0295596021456759,3.73966412736766e-05,,,,,,,,,,,
50628,146,149,21,ODISHA,399,MALKANGIRI,CHITRAKONDA (ST),12,NABRANGPUR (ST),147,4.13384719920388,0.239313837864543,49837.0,21.0,ODISHA,399.0,MALKANGIRI,3225.0,JODAMBA P.S,3483.0,KUDUMULUGUMMA,RURAL,CHITRAKONDA (ST),NABARANGPUR (ST),119983.0,ANDRAPALLI,430770.0,SANYASIGUDA,VILLAGE,40.0,155.0,73.0,82.0,77.0,40.0,37.0,78.0,33.0,45.0,0.0706750650551869,7.11946271964749e-05,,,,,,,,,,,
50632,146,149,21,ODISHA,399,MALKANGIRI,CHITRAKONDA (ST),12,NABRANGPUR (ST),147,4.13384719920388,0.239313837864543,50157.0,21.0,ODISHA,399.0,MALKANGIRI,3225.0,JODAMBA P.S,3483.0,KUDUMULUGUMMA,RURAL,CHITRAKONDA (ST),NABARANGPUR (ST),119983.0,ANDRAPALLI,430772.0,SADARAM,VILLAGE,17.0,70.0,37.0,33.0,34.0,19.0,15.0,36.0,18.0,18.0,0.0597945438470125,0.000126796947791,,,,,,,,,,,
50636,146,149,21,ODISHA,399,MALKANGIRI,CHITRAKONDA (ST),12,NABRANGPUR (ST),147,4.13384719920388,0.239313837864543,49938.0,21.0,ODISHA,399.0,MALKANGIRI,3225.0,JODAMBA P.S,3483.0,KUDUMULUGUMMA,RURAL,CHITRAKONDA (ST),NABARANGPUR (ST),119983.0,ANDRAPALLI,430763.0,JANTRI,VILLAGE,107.0,452.0,213.0,239.0,154.0,102.0,52.0,298.0,111.0,187.0,0.122807952047994,0.0002075173286636,,,,,,,,,,,
50638,146,149,21,ODISHA,399,MALKANGIRI,CHITRAKONDA (ST),12,NABRANGPUR (ST),147,4.13384719920388,0.239313837864543,49961.0,21.0,ODISHA,399.0,MALKANGIRI,3222.0,MUDULIPADA P.S,3481.0,KHAIRAPUT,UI,CHITRAKONDA (ST),NABARANGPUR (ST),119950.0,ANDRAHAL,430554.0,SITAPUR,VILLAGE (UI),0.0,0.0,0.0,0.0,0.0,0.0,0.0,0.0,0.0,0.0,0.0692104673404307,0.0002572870358363,,,,,,,,,,,
50645,146,149,21,ODISHA,399,MALKANGIRI,CHITRAKONDA (ST),12,NABRANGPUR (ST),147,4.13384719920388,0.239313837864543,49408.0,21.0,ODISHA,399.0,MALKANGIRI,3225.0,JODAMBA P.S,3483.0,KUDUMULUGUMMA,RURAL,CHITRAKONDA (ST),NABARANGPUR (ST),119989.0,PANASPUT,430788.0,KUSUMAPUT,VILLAGE,19.0,74.0,35.0,39.0,27.0,15.0,12.0,47.0,20.0,27.0,0.0327666918406909,6.01428194887506e-05,,,,,,,,,,,
50646,146,149,21,ODISHA,399,MALKANGIRI,CHITRAKONDA (ST),12,NABRANGPUR (ST),147,4.13384719920388,0.239313837864543,49794.0,21.0,ODISHA,399.0,MALKANGIRI,3225.0,JODAMBA P.S,3483.0,KUDUMULUGUMMA,RURAL,CHITRAKONDA (ST),NABARANGPUR (ST),119983.0,ANDRAPALLI,430768.0,NANAMANJARI,VILLAGE,36.0,167.0,77.0,90.0,4.0,2.0,2.0,163.0,75.0,88.0,0.067603157621333,0.0002630409962282,,,,,,,,,,,
50647,146,149,21,ODISHA,399,MALKANGIRI,CHITRAKONDA (ST),12,NABRANGPUR (ST),147,4.13384719920388,0.239313837864543,49832.0,21.0,ODISHA,399.0,MALKANGIRI,3225.0,JODAMBA P.S,3483.0,KUDUMULUGUMMA,RURAL,CHITRAKONDA (ST),NABARANGPUR (ST),119983.0,ANDRAPALLI,430767.0,TABER,VILLAGE,55.0,240.0,125.0,115.0,33.0,19.0,14.0,207.0,106.0,101.0,0.0501020540900596,0.0001426286391287,,,,,,,,,,,
50649,146,149,21,ODISHA,399,MALKANGIRI,CHITRAKONDA (ST),12,NABRANGPUR (ST),147,4.13384719920388,0.239313837864543,50092.0,21.0,ODISHA,399.0,MALKANGIRI,3225.0,JODAMBA P.S,3483.0,KUDUMULUGUMMA,RURAL,CHITRAKONDA (ST),NABARANGPUR (ST),119983.0,ANDRAPALLI,430766.0,ARALIPADA,VILLAGE,21.0,75.0,45.0,30.0,4.0,4.0,0.0,71.0,41.0,30.0,0.0432790866224541,9.19936075133724e-05,,,,,,,,,,,
50663,146,149,21,ODISHA,399,MALKANGIRI,CHITRAKONDA (ST),12,NABRANGPUR (ST),147,4.13384719920388,0.239313837864543,49644.0,21.0,ODISHA,399.0,MALKANGIRI,3225.0,JODAMBA P.S,3483.0,KUDUMULUGUMMA,RURAL,CHITRAKONDA (ST),NABARANGPUR (ST),119986.0,JODAMBA,430824.0,GAJALGUMI,VILLAGE,22.0,98.0,48.0,50.0,0.0,0.0,0.0,98.0,48.0,50.0,0.0721855691512014,0.0003171292971339,,,,,,,,,,,
50667,146,149,21,ODISHA,399,MALKANGIRI,CHITRAKONDA (ST),12,NABRANGPUR (ST),147,4.13384719920388,0.239313837864543,50003.0,21.0,ODISHA,399.0,MALKANGIRI,3224.0,PAPARMETLA P.S,3483.0,KUDUMULUGUMMA,RURAL,CHITRAKONDA (ST),NABARANGPUR (ST),119992.0,RALEGADA,430694.0,KUTEDURUBANDHA,VILLAGE,16.0,63.0,33.0,30.0,20.0,11.0,9.0,43.0,22.0,21.0,0.0202272284380461,2.75882099585114e-05,,,,,,,,,,,
50670,146,149,21,ODISHA,399,MALKANGIRI,CHITRAKONDA (ST),12,NABRANGPUR (ST),147,4.13384719920388,0.239313837864543,49409.0,21.0,ODISHA,399.0,MALKANGIRI,3225.0,JODAMBA P.S,3483.0,KUDUMULUGUMMA,RURAL,CHITRAKONDA (ST),NABARANGPUR (ST),119983.0,ANDRAPALLI,430769.0,MARIVEDA,VILLAGE,20.0,84.0,38.0,46.0,4.0,1.0,3.0,80.0,37.0,43.0,0.112718414618258,0.0004914411129778,,,,,,,,,,,
50671,146,149,21,ODISHA,399,MALKANGIRI,CHITRAKONDA (ST),12,NABRANGPUR (ST),147,4.13384719920388,0.239313837864543,50141.0,21.0,ODISHA,399.0,MALKANGIRI,3225.0,JODAMBA P.S,3483.0,KUDUMULUGUMMA,RURAL,CHITRAKONDA (ST),NABARANGPUR (ST),119983.0,ANDRAPALLI,430764.0,DHAKADPADAR,VILLAGE,61.0,266.0,136.0,130.0,54.0,30.0,24.0,212.0,106.0,106.0,0.0860456755095976,0.0002328435847053,,,,,,,,,,,
50675,146,149,21,ODISHA,399,MALKANGIRI,CHITRAKONDA (ST),12,NABRANGPUR (ST),147,4.13384719920388,0.239313837864543,50073.0,21.0,ODISHA,399.0,MALKANGIRI,3222.0,MUDULIPADA P.S,3481.0,KHAIRAPUT,UI,CHITRAKONDA (ST),NABARANGPUR (ST),119950.0,ANDRAHAL,430555.0,GOILIKUNDA,VILLAGE (UI),0.0,0.0,0.0,0.0,0.0,0.0,0.0,0.0,0.0,0.0,0.0601177849515797,0.0001867405255318,,,,,,,,,,,
50678,146,149,21,ODISHA,399,MALKANGIRI,CHITRAKONDA (ST),12,NABRANGPUR (ST),147,4.13384719920388,0.239313837864543,49595.0,21.0,ODISHA,399.0,MALKANGIRI,3224.0,PAPARMETLA P.S,3483.0,KUDUMULUGUMMA,RURAL,CHITRAKONDA (ST),NABARANGPUR (ST),119992.0,RALEGADA,430692.0,JUMDAMA,VILLAGE,39.0,173.0,82.0,91.0,3.0,1.0,2.0,170.0,81.0,89.0,0.0276073475816161,4.99698259591127e-05,,,,,,,,,,,
50679,146,149,21,ODISHA,399,MALKANGIRI,CHITRAKONDA (ST),12,NABRANGPUR (ST),147,4.13384719920388,0.239313837864543,49835.0,21.0,ODISHA,399.0,MALKANGIRI,3224.0,PAPARMETLA P.S,3483.0,KUDUMULUGUMMA,RURAL,CHITRAKONDA (ST),NABARANGPUR (ST),119992.0,RALEGADA,430693.0,CHITANGURU,VILLAGE,23.0,88.0,52.0,36.0,0.0,0.0,0.0,88.0,52.0,36.0,0.0450633410476899,8.00856771428491e-05,,,,,,,,,,,
50685,146,149,21,ODISHA,399,MALKANGIRI,CHITRAKONDA (ST),12,NABRANGPUR (ST),147,4.13384719920388,0.239313837864543,50279.0,21.0,ODISHA,399.0,MALKANGIRI,3220.0,MALKANGIRI P.S,3482.0,KORUKONDA,UI,CHITRAKONDA (ST),NABARANGPUR (ST),119971.0,MARIWADA,430326.0,GODIGUDA,VILLAGE (UI),0.0,0.0,0.0,0.0,0.0,0.0,0.0,0.0,0.0,0.0,0.099718150223773,0.000501340464863,,,,,,,,,,,
50698,146,149,21,ODISHA,399,MALKANGIRI,CHITRAKONDA (ST),12,NABRANGPUR (ST),147,4.13384719920388,0.239313837864543,50362.0,21.0,ODISHA,399.0,MALKANGIRI,3220.0,MALKANGIRI P.S,3482.0,KORUKONDA,RURAL,CHITRAKONDA (ST),NABARANGPUR (ST),119959.0,BADILI,430333.0,BANDHAGUDA,VILLAGE,15.0,69.0,31.0,38.0,9.0,4.0,5.0,60.0,27.0,33.0,0.0686851236798571,0.0002559857422274,,,,,,,,,,,
50727,146,149,21,ODISHA,399,MALKANGIRI,CHITRAKONDA (ST),12,NABRANGPUR (ST),147,4.13384719920388,0.239313837864543,50158.0,21.0,ODISHA,399.0,MALKANGIRI,3225.0,JODAMBA P.S,3483.0,KUDUMULUGUMMA,RURAL,CHITRAKONDA (ST),NABARANGPUR (ST),119986.0,JODAMBA,430833.0,HANJARIAGUDA,VILLAGE,27.0,116.0,56.0,60.0,22.0,18.0,4.0,94.0,38.0,56.0,0.0378591575765842,8.93277664721163e-05,,,,,,,,,,,
50732,146,149,21,ODISHA,399,MALKANGIRI,CHITRAKONDA (ST),12,NABRANGPUR (ST),147,4.13384719920388,0.239313837864543,49995.0,21.0,ODISHA,399.0,MALKANGIRI,3225.0,JODAMBA P.S,3483.0,KUDUMULUGUMMA,RURAL,CHITRAKONDA (ST),NABARANGPUR (ST),119986.0,JODAMBA,430843.0,BANDOGUDA,VILLAGE,32.0,137.0,64.0,73.0,23.0,16.0,7.0,114.0,48.0,66.0,0.109279747365193,0.000345066482116,,,,,,,,,,,
50733,146,149,21,ODISHA,399,MALKANGIRI,CHITRAKONDA (ST),12,NABRANGPUR (ST),147,4.13384719920388,0.239313837864543,49390.0,21.0,ODISHA,399.0,MALKANGIRI,3225.0,JODAMBA P.S,3483.0,KUDUMULUGUMMA,RURAL,CHITRAKONDA (ST),NABARANGPUR (ST),119986.0,JODAMBA,430839.0,GAJALMAMUDI,VILLAGE,126.0,481.0,222.0,259.0,111.0,75.0,36.0,370.0,147.0,223.0,0.0788803967302963,0.0002233828075849,,,,,,,,,,,
50734,146,149,21,ODISHA,399,MALKANGIRI,CHITRAKONDA (ST),12,NABRANGPUR (ST),147,4.13384719920388,0.239313837864543,49697.0,21.0,ODISHA,399.0,MALKANGIRI,3225.0,JODAMBA P.S,3483.0,KUDUMULUGUMMA,RURAL,CHITRAKONDA (ST),NABARANGPUR (ST),119986.0,JODAMBA,430837.0,SUTUGANDHI,VILLAGE,35.0,137.0,61.0,76.0,12.0,9.0,3.0,125.0,52.0,73.0,0.0601114240096525,0.0001366684769666,,,,,,,,,,,
50735,146,149,21,ODISHA,399,MALKANGIRI,CHITRAKONDA (ST),12,NABRANGPUR (ST),147,4.13384719920388,0.239313837864543,49495.0,21.0,ODISHA,399.0,MALKANGIRI,3225.0,JODAMBA P.S,3483.0,KUDUMULUGUMMA,RURAL,CHITRAKONDA (ST),NABARANGPUR (ST),119988.0,NAKAMAMUDI,430811.0,SANTALEPADER,VILLAGE,6.0,21.0,11.0,10.0,1.0,0.0,1.0,20.0,11.0,9.0,0.0538279437699717,0.0001433534397708,,,,,,,,,,,
50736,146,149,21,ODISHA,399,MALKANGIRI,CHITRAKONDA (ST),12,NABRANGPUR (ST),147,4.13384719920388,0.239313837864543,49734.0,21.0,ODISHA,399.0,MALKANGIRI,3225.0,JODAMBA P.S,3483.0,KUDUMULUGUMMA,RURAL,CHITRAKONDA (ST),NABARANGPUR (ST),119986.0,JODAMBA,430842.0,DOLIAMBA,VILLAGE,12.0,54.0,24.0,30.0,12.0,8.0,4.0,42.0,16.0,26.0,0.0839640756164691,0.0002874536910722,,,,,,,,,,,
50737,146,149,21,ODISHA,399,MALKANGIRI,CHITRAKONDA (ST),12,NABRANGPUR (ST),147,4.13384719920388,0.239313837864543,49792.0,21.0,ODISHA,399.0,MALKANGIRI,3225.0,JODAMBA P.S,3483.0,KUDUMULUGUMMA,RURAL,CHITRAKONDA (ST),NABARANGPUR (ST),119986.0,JODAMBA,430836.0,PANASGANDHI,VILLAGE,15.0,47.0,23.0,24.0,6.0,4.0,2.0,41.0,19.0,22.0,0.224457651379222,0.0005891219020139,,,,,,,,,,,
50738,146,149,21,ODISHA,399,MALKANGIRI,CHITRAKONDA (ST),12,NABRANGPUR (ST),147,4.13384719920388,0.239313837864543,49897.0,21.0,ODISHA,399.0,MALKANGIRI,3225.0,JODAMBA P.S,3483.0,KUDUMULUGUMMA,RURAL,CHITRAKONDA (ST),NABARANGPUR (ST),119986.0,JODAMBA,430838.0,SITAGANDHI,VILLAGE,16.0,55.0,25.0,30.0,1.0,1.0,0.0,54.0,24.0,30.0,0.137550329349227,0.0007564327852095,,,,,,,,,,,
50739,146,149,21,ODISHA,399,MALKANGIRI,CHITRAKONDA (ST),12,NABRANGPUR (ST),147,4.13384719920388,0.239313837864543,49936.0,21.0,ODISHA,399.0,MALKANGIRI,3225.0,JODAMBA P.S,3483.0,KUDUMULUGUMMA,RURAL,CHITRAKONDA (ST),NABARANGPUR (ST),119986.0,JODAMBA,430841.0,TUMULUMAMUDI,VILLAGE,44.0,183.0,99.0,84.0,24.0,17.0,7.0,159.0,82.0,77.0,0.154658288619087,0.0004106734284785,,,,,,,,,,,
50740,146,149,21,ODISHA,399,MALKANGIRI,CHITRAKONDA (ST),12,NABRANGPUR (ST),147,4.13384719920388,0.239313837864543,50128.0,21.0,ODISHA,399.0,MALKANGIRI,3225.0,JODAMBA P.S,3483.0,KUDUMULUGUMMA,RURAL,CHITRAKONDA (ST),NABARANGPUR (ST),119986.0,JODAMBA,430840.0,ELAMPANKA,VILLAGE,83.0,352.0,172.0,180.0,114.0,77.0,37.0,238.0,95.0,143.0,0.0893273875870487,0.0002628586540162,,,,,,,,,,,
50742,146,149,21,ODISHA,399,MALKANGIRI,CHITRAKONDA (ST),12,NABRANGPUR (ST),147,4.13384719920388,0.239313837864543,50258.0,21.0,ODISHA,399.0,MALKANGIRI,3226.0,ORKEL P.S,3482.0,KORUKONDA,RURAL,CHITRAKONDA (ST),NABARANGPUR (ST),119993.0,TARLAKOTTA,430933.0,ORKEL,VILLAGE,73.0,335.0,164.0,171.0,94.0,69.0,25.0,241.0,95.0,146.0,0.0424359592476802,7.42993894641632e-05,,,,,,,,,,,
50771,146,149,21,ODISHA,399,MALKANGIRI,CHITRAKONDA (ST),12,NABRANGPUR (ST),147,4.13384719920388,0.239313837864543,49839.0,21.0,ODISHA,399.0,MALKANGIRI,3223.0,CHITRAKONDA P.S,3483.0,KUDUMULUGUMMA,RURAL,CHITRAKONDA (ST),NABARANGPUR (ST),119988.0,NAKAMAMUDI,430610.0,RAJABANDHA,VILLAGE,75.0,321.0,158.0,163.0,64.0,37.0,27.0,257.0,121.0,136.0,0.0705475821263099,0.0001469334438104,,,,,,,,,,,
50785,146,149,21,ODISHA,399,MALKANGIRI,CHITRAKONDA (ST),12,NABRANGPUR (ST),147,4.13384719920388,0.239313837864543,49721.0,21.0,ODISHA,399.0,MALKANGIRI,3226.0,ORKEL P.S,3482.0,KORUKONDA,RURAL,CHITRAKONDA (ST),NABARANGPUR (ST),119980.0,TARLAKOTTA,430917.0,JOGIPUT,VILLAGE,14.0,58.0,26.0,32.0,14.0,8.0,6.0,44.0,18.0,26.0,0.054822663127392,0.0001856901166793,,,,,,,,,,,
50802,146,149,21,ODISHA,399,MALKANGIRI,CHITRAKONDA (ST),12,NABRANGPUR (ST),147,4.13384719920388,0.239313837864543,49648.0,21.0,ODISHA,399.0,MALKANGIRI,3224.0,PAPARMETLA P.S,3483.0,KUDUMULUGUMMA,RURAL,CHITRAKONDA (ST),NABARANGPUR (ST),119992.0,RALEGADA,430697.0,LIMATANG,VILLAGE,39.0,163.0,79.0,84.0,66.0,39.0,27.0,97.0,40.0,57.0,0.0739207864592726,0.0002232025826987,,,,,,,,,,,
50803,146,149,21,ODISHA,399,MALKANGIRI,CHITRAKONDA (ST),12,NABRANGPUR (ST),147,4.13384719920388,0.239313837864543,49744.0,21.0,ODISHA,399.0,MALKANGIRI,3224.0,PAPARMETLA P.S,3483.0,KUDUMULUGUMMA,RURAL,CHITRAKONDA (ST),NABARANGPUR (ST),119992.0,RALEGADA,430696.0,MANDAPALI,VILLAGE,14.0,77.0,43.0,34.0,16.0,12.0,4.0,61.0,31.0,30.0,0.0284659777078248,4.16707419692252e-05,,,,,,,,,,,
50804,146,149,21,ODISHA,399,MALKANGIRI,CHITRAKONDA (ST),12,NABRANGPUR (ST),147,4.13384719920388,0.239313837864543,50063.0,21.0,ODISHA,399.0,MALKANGIRI,3224.0,PAPARMETLA P.S,3483.0,KUDUMULUGUMMA,RURAL,CHITRAKONDA (ST),NABARANGPUR (ST),119992.0,RALEGADA,430695.0,KOTAURU,VILLAGE,18.0,81.0,39.0,42.0,23.0,13.0,10.0,58.0,26.0,32.0,0.0303546168239211,4.93875260819287e-05,,,,,,,,,,,
50805,146,149,21,ODISHA,399,MALKANGIRI,CHITRAKONDA (ST),12,NABRANGPUR (ST),147,4.13384719920388,0.239313837864543,49395.0,21.0,ODISHA,399.0,MALKANGIRI,3224.0,PAPARMETLA P.S,3483.0,KUDUMULUGUMMA,RURAL,CHITRAKONDA (ST),NABARANGPUR (ST),119992.0,RALEGADA,430747.0,ISKABANDHA,VILLAGE,6.0,33.0,19.0,14.0,3.0,2.0,1.0,30.0,17.0,13.0,0.0322788030972793,7.09674628771657e-05,,,,,,,,,,,
50808,146,149,21,ODISHA,399,MALKANGIRI,CHITRAKONDA (ST),12,NABRANGPUR (ST),147,4.13384719920388,0.239313837864543,50181.0,21.0,ODISHA,399.0,MALKANGIRI,3224.0,PAPARMETLA P.S,3483.0,KUDUMULUGUMMA,RURAL,CHITRAKONDA (ST),NABARANGPUR (ST),119992.0,RALEGADA,430746.0,DANDALAGUNDHI,VILLAGE,53.0,257.0,118.0,139.0,54.0,37.0,17.0,203.0,81.0,122.0,0.0352909681144286,5.87941306633593e-05,,,,,,,,,,,
50809,146,149,21,ODISHA,399,MALKANGIRI,CHITRAKONDA (ST),12,NABRANGPUR (ST),147,4.13384719920388,0.239313837864543,49727.0,21.0,ODISHA,399.0,MALKANGIRI,3224.0,PAPARMETLA P.S,3483.0,KUDUMULUGUMMA,RURAL,CHITRAKONDA (ST),NABARANGPUR (ST),119992.0,RALEGADA,430703.0,CHITANGACHILIK,VILLAGE,26.0,121.0,64.0,57.0,19.0,14.0,5.0,102.0,50.0,52.0,0.0356673924826356,7.5613490466682e-05,,,,,,,,,,,
50810,146,149,21,ODISHA,399,MALKANGIRI,CHITRAKONDA (ST),12,NABRANGPUR (ST),147,4.13384719920388,0.239313837864543,50180.0,21.0,ODISHA,399.0,MALKANGIRI,3224.0,PAPARMETLA P.S,3483.0,KUDUMULUGUMMA,RURAL,CHITRAKONDA (ST),NABARANGPUR (ST),119992.0,RALEGADA,430743.0,DABUGUDA,VILLAGE,9.0,50.0,25.0,25.0,37.0,19.0,18.0,13.0,6.0,7.0,0.0194676489543571,2.14438025011211e-05,,,,,,,,,,,
50813,146,149,21,ODISHA,399,MALKANGIRI,CHITRAKONDA (ST),12,NABRANGPUR (ST),147,4.13384719920388,0.239313837864543,49490.0,21.0,ODISHA,399.0,MALKANGIRI,3224.0,PAPARMETLA P.S,3483.0,KUDUMULUGUMMA,RURAL,CHITRAKONDA (ST),NABARANGPUR (ST),119992.0,RALEGADA,430702.0,TELAL,VILLAGE,8.0,38.0,22.0,16.0,4.0,4.0,0.0,34.0,18.0,16.0,0.0339742969342778,6.05825031162626e-05,,,,,,,,,,,
50817,146,149,21,ODISHA,399,MALKANGIRI,CHITRAKONDA (ST),12,NABRANGPUR (ST),147,4.13384719920388,0.239313837864543,50131.0,21.0,ODISHA,399.0,MALKANGIRI,3224.0,PAPARMETLA P.S,3483.0,KUDUMULUGUMMA,RURAL,CHITRAKONDA (ST),NABARANGPUR (ST),119992.0,RALEGADA,430698.0,ANIBIRIDA,VILLAGE,24.0,124.0,65.0,59.0,1.0,1.0,0.0,123.0,64.0,59.0,0.0368499796334501,9.11913955760744e-05,,,,,,,,,,,
50818,146,149,21,ODISHA,399,MALKANGIRI,CHITRAKONDA (ST),12,NABRANGPUR (ST),147,4.13384719920388,0.239313837864543,49584.0,21.0,ODISHA,399.0,MALKANGIRI,3224.0,PAPARMETLA P.S,3483.0,KUDUMULUGUMMA,RURAL,CHITRAKONDA (ST),NABARANGPUR (ST),119992.0,RALEGADA,430700.0,GUNAMBA,VILLAGE,25.0,88.0,51.0,37.0,14.0,7.0,7.0,74.0,44.0,30.0,0.0255467168754393,4.92980829406594e-05,,,,,,,,,,,
50819,146,149,21,ODISHA,399,MALKANGIRI,CHITRAKONDA (ST),12,NABRANGPUR (ST),147,4.13384719920388,0.239313837864543,49873.0,21.0,ODISHA,399.0,MALKANGIRI,3224.0,PAPARMETLA P.S,3483.0,KUDUMULUGUMMA,RURAL,CHITRAKONDA (ST),NABARANGPUR (ST),119992.0,RALEGADA,430699.0,DONKATARU,VILLAGE,12.0,50.0,23.0,27.0,5.0,5.0,0.0,45.0,18.0,27.0,0.0356661480613316,8.13688909872284e-05,,,,,,,,,,,
50820,146,149,21,ODISHA,399,MALKANGIRI,CHITRAKONDA (ST),12,NABRANGPUR (ST),147,4.13384719920388,0.239313837864543,49675.0,21.0,ODISHA,399.0,MALKANGIRI,3224.0,PAPARMETLA P.S,3483.0,KUDUMULUGUMMA,RURAL,CHITRAKONDA (ST),NABARANGPUR (ST),119992.0,RALEGADA,430749.0,CHIKIPANESA,VILLAGE,66.0,290.0,141.0,149.0,51.0,30.0,21.0,239.0,111.0,128.0,0.082034942714748,0.0002716951734506,,,,,,,,,,,
50828,146,149,21,ODISHA,399,MALKANGIRI,CHITRAKONDA (ST),12,NABRANGPUR (ST),147,4.13384719920388,0.239313837864543,49817.0,21.0,ODISHA,399.0,MALKANGIRI,3224.0,PAPARMETLA P.S,3483.0,KUDUMULUGUMMA,RURAL,CHITRAKONDA (ST),NABARANGPUR (ST),119992.0,RALEGADA,430745.0,SURUBANDHA,VILLAGE,13.0,64.0,27.0,37.0,14.0,11.0,3.0,50.0,16.0,34.0,0.0392662582823794,0.0001054028875032,,,,,,,,,,,
50840,146,149,21,ODISHA,399,MALKANGIRI,CHITRAKONDA (ST),12,NABRANGPUR (ST),147,4.13384719920388,0.239313837864543,50382.0,21.0,ODISHA,399.0,MALKANGIRI,3224.0,PAPARMETLA P.S,3483.0,KUDUMULUGUMMA,RURAL,CHITRAKONDA (ST),NABARANGPUR (ST),119992.0,RALEGADA,430704.0,TAMERPALLI,VILLAGE,14.0,60.0,25.0,35.0,1.0,1.0,0.0,59.0,24.0,35.0,0.0333416028795001,5.87550725220943e-05,,,,,,,,,,,
50914,146,149,21,ODISHA,399,MALKANGIRI,CHITRAKONDA (ST),12,NABRANGPUR (ST),147,4.13384719920388,0.239313837864543,49552.0,21.0,ODISHA,399.0,MALKANGIRI,3223.0,CHITRAKONDA P.S,3482.0,KORUKONDA,RURAL,CHITRAKONDA (ST),NABARANGPUR (ST),119974.0,NUAGUDA,430649.0,NUAGUDA,VILLAGE,147.0,601.0,318.0,283.0,130.0,119.0,11.0,471.0,199.0,272.0,0.0690134548195388,0.0001834535337566,,,,,,,,,,,
50929,147,150,21,ODISHA,399,MALKANGIRI,MALKANGIRI (ST),12,NABRANGPUR (ST),146,3.59829358254406,0.253869445259462,50238.0,21.0,ODISHA,399.0,MALKANGIRI,3220.0,MALKANGIRI P.S,3482.0,KORUKONDA,RURAL,MALKANGIRI (ST),NABARANGPUR (ST),119979.0,TANDIKI,430306.0,BARKAMADRI,VILLAGE,11.0,41.0,17.0,24.0,1.0,0.0,1.0,40.0,17.0,23.0,0.035476194449856,4.99896410439229e-05,,,,,,,,,,,
50933,147,150,21,ODISHA,399,MALKANGIRI,MALKANGIRI (ST),12,NABRANGPUR (ST),146,3.59829358254406,0.253869445259462,49757.0,21.0,ODISHA,399.0,MALKANGIRI,3220.0,MALKANGIRI P.S,3482.0,KORUKONDA,RURAL,MALKANGIRI (ST),NABARANGPUR (ST),119979.0,TANDIKI,430223.0,PAKHANAGUDA,VILLAGE,55.0,269.0,137.0,132.0,50.0,27.0,23.0,219.0,110.0,109.0,0.0460105088632413,0.0001228120805077,,,,,,,,,,,
50939,147,150,21,ODISHA,399,MALKANGIRI,MALKANGIRI (ST),12,NABRANGPUR (ST),146,3.59829358254406,0.253869445259462,49538.0,21.0,ODISHA,399.0,MALKANGIRI,3220.0,MALKANGIRI P.S,3484.0,MALKANGIRI,RURAL,MALKANGIRI (ST),NABARANGPUR (ST),120004.0,SINDRIMAL,430217.0,SINDHRIMALO,VILLAGE,117.0,584.0,243.0,341.0,203.0,76.0,127.0,381.0,167.0,214.0,0.127191449557309,0.0004014507776716,,,,,,,,,,,
50954,147,150,21,ODISHA,399,MALKANGIRI,MALKANGIRI (ST),12,NABRANGPUR (ST),146,3.59829358254406,0.253869445259462,49706.0,21.0,ODISHA,399.0,MALKANGIRI,3220.0,MALKANGIRI P.S,3484.0,MALKANGIRI,RURAL,MALKANGIRI (ST),NABARANGPUR (ST),120004.0,SINDRIMAL,430215.0,BANDHAGUDA,VILLAGE,241.0,989.0,481.0,508.0,347.0,224.0,123.0,642.0,257.0,385.0,0.117212230092904,0.0006014863187762,,,,,,,,,,,
50980,147,150,21,ODISHA,399,MALKANGIRI,MALKANGIRI (ST),12,NABRANGPUR (ST),146,3.59829358254406,0.253869445259462,50411.0,21.0,ODISHA,399.0,MALKANGIRI,3220.0,MALKANGIRI P.S,3484.0,MALKANGIRI,UI,MALKANGIRI (ST),NABARANGPUR (ST),119999.0,PADMAGIRI,430309.0,MUKUNDAGUDA,VILLAGE (UI),0.0,0.0,0.0,0.0,0.0,0.0,0.0,0.0,0.0,0.0,0.0788376222930737,0.0002152973327961,,,,,,,,,,,
51032,147,150,21,ODISHA,399,MALKANGIRI,MALKANGIRI (ST),12,NABRANGPUR (ST),146,3.59829358254406,0.253869445259462,49405.0,21.0,ODISHA,399.0,MALKANGIRI,3220.0,MALKANGIRI P.S,3482.0,KORUKONDA,RURAL,MALKANGIRI (ST),NABARANGPUR (ST),119978.0,TANDAPALLI,430270.0,JAGATAPALI,VILLAGE,88.0,321.0,169.0,152.0,103.0,65.0,38.0,218.0,104.0,114.0,0.0540250201963508,0.0001693412613013,,,,,,,,,,,
51033,147,150,21,ODISHA,399,MALKANGIRI,MALKANGIRI (ST),12,NABRANGPUR (ST),146,3.59829358254406,0.253869445259462,49880.0,21.0,ODISHA,399.0,MALKANGIRI,3220.0,MALKANGIRI P.S,3482.0,KORUKONDA,RURAL,MALKANGIRI (ST),NABARANGPUR (ST),119978.0,TANDAPALLI,430273.0,LAXMANPUR,VILLAGE,20.0,92.0,45.0,47.0,1.0,1.0,0.0,91.0,44.0,47.0,0.0744602734324892,0.0002318147773556,,,,,,,,,,,
51036,147,150,21,ODISHA,399,MALKANGIRI,MALKANGIRI (ST),12,NABRANGPUR (ST),146,3.59829358254406,0.253869445259462,49921.0,21.0,ODISHA,399.0,MALKANGIRI,3220.0,MALKANGIRI P.S,3482.0,KORUKONDA,RURAL,MALKANGIRI (ST),NABARANGPUR (ST),119960.0,CHALLANGUDA,430271.0,SIADIMALA,VILLAGE,420.0,2100.0,1078.0,1022.0,968.0,602.0,366.0,1132.0,476.0,656.0,0.0974771703173087,0.0002767626467224,,,,,,,,,,,
51038,147,150,21,ODISHA,399,MALKANGIRI,MALKANGIRI (ST),12,NABRANGPUR (ST),146,3.59829358254406,0.253869445259462,50142.0,21.0,ODISHA,399.0,MALKANGIRI,3220.0,MALKANGIRI P.S,3484.0,MALKANGIRI,RURAL,MALKANGIRI (ST),NABARANGPUR (ST),120005.0,TAMASA,430268.0,SHYAMNAGAR,VILLAGE,146.0,618.0,296.0,322.0,197.0,123.0,74.0,421.0,173.0,248.0,0.0873490724781493,0.0003636898755533,,,,,,,,,,,
51043,147,150,21,ODISHA,399,MALKANGIRI,MALKANGIRI (ST),12,NABRANGPUR (ST),146,3.59829358254406,0.253869445259462,49646.0,21.0,ODISHA,399.0,MALKANGIRI,3220.0,MALKANGIRI P.S,3484.0,MALKANGIRI,RURAL,MALKANGIRI (ST),NABARANGPUR (ST),120005.0,TAMASA,430262.0,BOILAPARI,VILLAGE,812.0,3907.0,2016.0,1891.0,1915.0,1159.0,756.0,1992.0,857.0,1135.0,0.138968939317796,0.0009206797691146,,,,,,,,,,,
51048,147,150,21,ODISHA,399,MALKANGIRI,MALKANGIRI (ST),12,NABRANGPUR (ST),146,3.59829358254406,0.253869445259462,49605.0,21.0,ODISHA,399.0,MALKANGIRI,3220.0,MALKANGIRI P.S,3482.0,KORUKONDA,UI,MALKANGIRI (ST),NABARANGPUR (ST),119978.0,TANDAPALLI,430292.0,ROSOIGUDA,VILLAGE (UI),0.0,0.0,0.0,0.0,0.0,0.0,0.0,0.0,0.0,0.0,0.0997217248960729,0.0004740766473607,,,,,,,,,,,
51076,147,150,21,ODISHA,399,MALKANGIRI,MALKANGIRI (ST),12,NABRANGPUR (ST),146,3.59829358254406,0.253869445259462,50250.0,21.0,ODISHA,399.0,MALKANGIRI,3220.0,MALKANGIRI P.S,3482.0,KORUKONDA,RURAL,MALKANGIRI (ST),NABARANGPUR (ST),119977.0,SIKHPALLI,430318.0,JHATIGUDA,VILLAGE,28.0,87.0,38.0,49.0,23.0,12.0,11.0,64.0,26.0,38.0,0.0768843331759495,0.0003427384098004,,,,,,,,,,,
51077,147,150,21,ODISHA,399,MALKANGIRI,MALKANGIRI (ST),12,NABRANGPUR (ST),146,3.59829358254406,0.253869445259462,50357.0,21.0,ODISHA,399.0,MALKANGIRI,3227.0,KALIMELA P.S,3482.0,KORUKONDA,RURAL,MALKANGIRI (ST),NABARANGPUR (ST),119977.0,SIKHPALLI,430955.0,PAKHANAGUDA,VILLAGE,44.0,219.0,112.0,107.0,7.0,7.0,0.0,212.0,105.0,107.0,0.0751260630747565,0.0002364238036994,,,,,,,,,,,
51079,147,150,21,ODISHA,399,MALKANGIRI,MALKANGIRI (ST),12,NABRANGPUR (ST),146,3.59829358254406,0.253869445259462,50360.0,21.0,ODISHA,399.0,MALKANGIRI,3220.0,MALKANGIRI P.S,3482.0,KORUKONDA,RURAL,MALKANGIRI (ST),NABARANGPUR (ST),119977.0,SIKHPALLI,430319.0,RANGINIGUDA,VILLAGE,12.0,37.0,21.0,16.0,6.0,4.0,2.0,31.0,17.0,14.0,0.10981165151887,0.0005985584840141,,,,,,,,,,,
51084,147,150,21,ODISHA,399,MALKANGIRI,MALKANGIRI (ST),12,NABRANGPUR (ST),146,3.59829358254406,0.253869445259462,50239.0,21.0,ODISHA,399.0,MALKANGIRI,3220.0,MALKANGIRI P.S,3482.0,KORUKONDA,RURAL,MALKANGIRI (ST),NABARANGPUR (ST),119981.0,TUMUSPALLI,430313.0,KURUMPALIGUDA,VILLAGE,27.0,118.0,60.0,58.0,30.0,19.0,11.0,88.0,41.0,47.0,0.0564633387934328,0.0001983858875615,,,,,,,,,,,
51090,147,150,21,ODISHA,399,MALKANGIRI,MALKANGIRI (ST),12,NABRANGPUR (ST),146,3.59829358254406,0.253869445259462,50303.0,21.0,ODISHA,399.0,MALKANGIRI,3227.0,KALIMELA P.S,3480.0,KALIMELA,RURAL,MALKANGIRI (ST),NABARANGPUR (ST),119929.0,BHEJANGIWADA,431007.0,BEJANGIWADA,VILLAGE,852.0,3776.0,1906.0,1870.0,2007.0,1172.0,835.0,1769.0,734.0,1035.0,0.136931117342045,0.0009749495480573,,,,,,,,,,,
51095,147,150,21,ODISHA,399,MALKANGIRI,MALKANGIRI (ST),12,NABRANGPUR (ST),146,3.59829358254406,0.253869445259462,49877.0,21.0,ODISHA,399.0,MALKANGIRI,3227.0,KALIMELA P.S,3480.0,KALIMELA,RURAL,MALKANGIRI (ST),NABARANGPUR (ST),119946.0,TELERAI,431039.0,RAJULUKONDA,VILLAGE,64.0,240.0,120.0,120.0,27.0,22.0,5.0,213.0,98.0,115.0,0.105575579549044,0.0006694839305153,,,,,,,,,,,
51101,147,150,21,ODISHA,399,MALKANGIRI,MALKANGIRI (ST),12,NABRANGPUR (ST),146,3.59829358254406,0.253869445259462,50338.0,21.0,ODISHA,399.0,MALKANGIRI,3227.0,KALIMELA P.S,3480.0,KALIMELA,RURAL,MALKANGIRI (ST),NABARANGPUR (ST),119943.0,MANYAMKUNDA,431012.0,SITAPALI,VILLAGE,14.0,48.0,22.0,26.0,2.0,2.0,0.0,46.0,20.0,26.0,0.0337944374801653,7.08867778099438e-05,,,,,,,,,,,
51106,147,150,21,ODISHA,399,MALKANGIRI,MALKANGIRI (ST),12,NABRANGPUR (ST),146,3.59829358254406,0.253869445259462,50203.0,21.0,ODISHA,399.0,MALKANGIRI,3227.0,KALIMELA P.S,3480.0,KALIMELA,RURAL,MALKANGIRI (ST),NABARANGPUR (ST),119943.0,MANYAMKUNDA,431042.0,BADASAILUR,VILLAGE,24.0,104.0,58.0,46.0,3.0,2.0,1.0,101.0,56.0,45.0,0.0520124045006017,0.000179816641814,,,,,,,,,,,
51117,147,150,21,ODISHA,399,MALKANGIRI,MALKANGIRI (ST),12,NABRANGPUR (ST),146,3.59829358254406,0.253869445259462,49452.0,21.0,ODISHA,399.0,MALKANGIRI,3229.0,M.V-79 P.S,3480.0,KALIMELA,RURAL,MALKANGIRI (ST),NABARANGPUR (ST),119944.0,NALAGUNTHI,431115.0,RAJANGUDA,VILLAGE,37.0,140.0,69.0,71.0,39.0,23.0,16.0,101.0,46.0,55.0,0.0623209726220216,0.0002183178455794,,,,,,,,,,,
51122,147,150,21,ODISHA,399,MALKANGIRI,MALKANGIRI (ST),12,NABRANGPUR (ST),146,3.59829358254406,0.253869445259462,49454.0,21.0,ODISHA,399.0,MALKANGIRI,3229.0,M.V-79 P.S,3480.0,KALIMELA,RURAL,MALKANGIRI (ST),NABARANGPUR (ST),119946.0,TELERAI,431113.0,IDIGUNDA,VILLAGE,28.0,116.0,56.0,60.0,35.0,17.0,18.0,81.0,39.0,42.0,0.115665808805579,0.0003574696378757,,,,,,,,,,,
51124,147,150,21,ODISHA,399,MALKANGIRI,MALKANGIRI (ST),12,NABRANGPUR (ST),146,3.59829358254406,0.253869445259462,50410.0,21.0,ODISHA,399.0,MALKANGIRI,3230.0,MOTU P.S,3480.0,KALIMELA,UI,MALKANGIRI (ST),NABARANGPUR (ST),119946.0,TELERAI,431152.0,ENGULUKUNDA (R,VILLAGE (UI),0.0,0.0,0.0,0.0,0.0,0.0,0.0,0.0,0.0,0.0,0.0670980571913446,0.0002070817778906,,,,,,,,,,,
51127,147,150,21,ODISHA,399,MALKANGIRI,MALKANGIRI (ST),12,NABRANGPUR (ST),146,3.59829358254406,0.253869445259462,49635.0,21.0,ODISHA,399.0,MALKANGIRI,3230.0,MOTU P.S,3480.0,KALIMELA,UI,MALKANGIRI (ST),NABARANGPUR (ST),119941.0,MAHARAJAPALLI,431156.0,MANYANKUNDA,VILLAGE (UI),0.0,0.0,0.0,0.0,0.0,0.0,0.0,0.0,0.0,0.0,0.0251781154683732,4.70983414528553e-05,,,,,,,,,,,
51129,147,150,21,ODISHA,399,MALKANGIRI,MALKANGIRI (ST),12,NABRANGPUR (ST),146,3.59829358254406,0.253869445259462,50333.0,21.0,ODISHA,399.0,MALKANGIRI,3230.0,MOTU P.S,3480.0,KALIMELA,RURAL,MALKANGIRI (ST),NABARANGPUR (ST),119940.0,LUGEL,431182.0,PADAMPUR,VILLAGE,44.0,188.0,100.0,88.0,49.0,35.0,14.0,139.0,65.0,74.0,0.0621852633987057,0.0002060139832281,,,,,,,,,,,
51132,147,150,21,ODISHA,399,MALKANGIRI,MALKANGIRI (ST),12,NABRANGPUR (ST),146,3.59829358254406,0.253869445259462,50345.0,21.0,ODISHA,399.0,MALKANGIRI,3230.0,MOTU P.S,3480.0,KALIMELA,RURAL,MALKANGIRI (ST),NABARANGPUR (ST),119943.0,MANYAMKUNDA,431158.0,KADAMALIGUDA,VILLAGE,20.0,67.0,34.0,33.0,19.0,12.0,7.0,48.0,22.0,26.0,0.0506492796367064,0.0001038897345441,,,,,,,,,,,
51133,147,150,21,ODISHA,399,MALKANGIRI,MALKANGIRI (ST),12,NABRANGPUR (ST),146,3.59829358254406,0.253869445259462,50190.0,21.0,ODISHA,399.0,MALKANGIRI,3228.0,PODIA P.S,3486.0,PODIA,UI,MALKANGIRI (ST),NABARANGPUR (ST),120027.0,BAPANPALLI,430956.0,NANDAGUDA,VILLAGE (UI),0.0,0.0,0.0,0.0,0.0,0.0,0.0,0.0,0.0,0.0,0.0731144964730423,0.0002629987808987,,,,,,,,,,,
51146,147,150,21,ODISHA,399,MALKANGIRI,MALKANGIRI (ST),12,NABRANGPUR (ST),146,3.59829358254406,0.253869445259462,50194.0,21.0,ODISHA,399.0,MALKANGIRI,3227.0,KALIMELA P.S,3480.0,KALIMELA,RURAL,MALKANGIRI (ST),NABARANGPUR (ST),119932.0,CHITRANGAPALLI,430968.0,TALGUDA,VILLAGE,24.0,109.0,53.0,56.0,5.0,3.0,2.0,104.0,50.0,54.0,0.0540664228447339,0.0001503865264955,,,,,,,,,,,
51161,147,150,21,ODISHA,399,MALKANGIRI,MALKANGIRI (ST),12,NABRANGPUR (ST),146,3.59829358254406,0.253869445259462,50188.0,21.0,ODISHA,399.0,MALKANGIRI,3228.0,PODIA P.S,3486.0,PODIA,RURAL,MALKANGIRI (ST),NABARANGPUR (ST),120032.0,NILIGUDA,431082.0,DEOGUDA,VILLAGE,11.0,40.0,20.0,20.0,5.0,3.0,2.0,35.0,17.0,18.0,0.0415659036996186,6.6201015090156e-05,,,,,,,,,,,
51172,147,150,21,ODISHA,399,MALKANGIRI,MALKANGIRI (ST),12,NABRANGPUR (ST),146,3.59829358254406,0.253869445259462,50233.0,21.0,ODISHA,399.0,MALKANGIRI,3227.0,KALIMELA P.S,3480.0,KALIMELA,UI,MALKANGIRI (ST),NABARANGPUR (ST),119932.0,CHITRANGAPALLI,430963.0,MANGUGUDA,VILLAGE (UI),0.0,0.0,0.0,0.0,0.0,0.0,0.0,0.0,0.0,0.0,0.038489765825538,7.28633440732419e-05,,,,,,,,,,,
51173,147,150,21,ODISHA,399,MALKANGIRI,MALKANGIRI (ST),12,NABRANGPUR (ST),146,3.59829358254406,0.253869445259462,50041.0,21.0,ODISHA,399.0,MALKANGIRI,3228.0,PODIA P.S,3486.0,PODIA,RURAL,MALKANGIRI (ST),NABARANGPUR (ST),120029.0,KALDAPALLI,431094.0,UDAYGIRI,VILLAGE,262.0,1275.0,649.0,626.0,537.0,306.0,231.0,738.0,343.0,395.0,0.137656426229301,0.0007371402673456,,,,,,,,,,,
51174,147,150,21,ODISHA,399,MALKANGIRI,MALKANGIRI (ST),12,NABRANGPUR (ST),146,3.59829358254406,0.253869445259462,50192.0,21.0,ODISHA,399.0,MALKANGIRI,3227.0,KALIMELA P.S,3486.0,PODIA,RURAL,MALKANGIRI (ST),NABARANGPUR (ST),120035.0,SIMILIBANCHA,430960.0,BANDINGIGUDA,VILLAGE,27.0,127.0,68.0,59.0,24.0,20.0,4.0,103.0,48.0,55.0,0.0551287379523887,0.0001363787780779,,,,,,,,,,,
51175,147,150,21,ODISHA,399,MALKANGIRI,MALKANGIRI (ST),12,NABRANGPUR (ST),146,3.59829358254406,0.253869445259462,50191.0,21.0,ODISHA,399.0,MALKANGIRI,3227.0,KALIMELA P.S,3486.0,PODIA,RURAL,MALKANGIRI (ST),NABARANGPUR (ST),120035.0,SIMILIBANCHA,430959.0,MUSIGUDA,VILLAGE,22.0,105.0,51.0,54.0,18.0,14.0,4.0,87.0,37.0,50.0,0.0626272554147777,0.0002501516391493,,,,,,,,,,,
51178,147,150,21,ODISHA,399,MALKANGIRI,MALKANGIRI (ST),12,NABRANGPUR (ST),146,3.59829358254406,0.253869445259462,50193.0,21.0,ODISHA,399.0,MALKANGIRI,3227.0,KALIMELA P.S,3486.0,PODIA,UI,MALKANGIRI (ST),NABARANGPUR (ST),120035.0,SIMILIBANCHA,430961.0,KARIAGUDA,VILLAGE (UI),0.0,0.0,0.0,0.0,0.0,0.0,0.0,0.0,0.0,0.0,0.0439873364269947,8.12605701272107e-05,,,,,,,,,,,
51180,147,150,21,ODISHA,399,MALKANGIRI,MALKANGIRI (ST),12,NABRANGPUR (ST),146,3.59829358254406,0.253869445259462,50399.0,21.0,ODISHA,399.0,MALKANGIRI,3227.0,KALIMELA P.S,3486.0,PODIA,RURAL,MALKANGIRI (ST),NABARANGPUR (ST),120035.0,SIMILIBANCHA,430958.0,DAMAGUDA,VILLAGE,24.0,109.0,54.0,55.0,9.0,7.0,2.0,100.0,47.0,53.0,0.0431905178411891,0.0001086134019542,,,,,,,,,,,
51181,147,150,21,ODISHA,399,MALKANGIRI,MALKANGIRI (ST),12,NABRANGPUR (ST),146,3.59829358254406,0.253869445259462,50400.0,21.0,ODISHA,399.0,MALKANGIRI,3227.0,KALIMELA P.S,3486.0,PODIA,UI,MALKANGIRI (ST),NABARANGPUR (ST),120035.0,SIMILIBANCHA,430957.0,ENTAGUDA,VILLAGE (UI),0.0,0.0,0.0,0.0,0.0,0.0,0.0,0.0,0.0,0.0,0.0578786143737086,0.0001558414592547,,,,,,,,,,,
51189,147,150,21,ODISHA,399,MALKANGIRI,MALKANGIRI (ST),12,NABRANGPUR (ST),146,3.59829358254406,0.253869445259462,50299.0,21.0,ODISHA,399.0,MALKANGIRI,3228.0,PODIA P.S,3486.0,PODIA,RURAL,MALKANGIRI (ST),NABARANGPUR (ST),120027.0,BAPANPALLI,430964.0,SILAKATA (R.F.,VILLAGE,22.0,98.0,47.0,51.0,11.0,11.0,0.0,87.0,36.0,51.0,0.0909349948838092,0.0002570541531105,,,,,,,,,,,
51209,147,150,21,ODISHA,399,MALKANGIRI,MALKANGIRI (ST),12,NABRANGPUR (ST),146,3.59829358254406,0.253869445259462,50202.0,21.0,ODISHA,399.0,MALKANGIRI,3227.0,KALIMELA P.S,3480.0,KALIMELA,RURAL,MALKANGIRI (ST),NABARANGPUR (ST),119929.0,BHEJANGIWADA,431011.0,MARIGUDA,VILLAGE,23.0,95.0,45.0,50.0,14.0,10.0,4.0,81.0,35.0,46.0,0.0645487057022701,0.0001835629903192,,,,,,,,,,,
51210,147,150,21,ODISHA,399,MALKANGIRI,MALKANGIRI (ST),12,NABRANGPUR (ST),146,3.59829358254406,0.253869445259462,50201.0,21.0,ODISHA,399.0,MALKANGIRI,3227.0,KALIMELA P.S,3480.0,KALIMELA,RURAL,MALKANGIRI (ST),NABARANGPUR (ST),119929.0,BHEJANGIWADA,431013.0,PANCHALPADA,VILLAGE,5.0,18.0,9.0,9.0,0.0,0.0,0.0,18.0,9.0,9.0,0.0631445790522987,0.0001167561460157,,,,,,,,,,,
51255,147,150,21,ODISHA,399,MALKANGIRI,MALKANGIRI (ST),12,NABRANGPUR (ST),146,3.59829358254406,0.253869445259462,50395.0,21.0,ODISHA,399.0,MALKANGIRI,3230.0,MOTU P.S,3486.0,PODIA,RURAL,MALKANGIRI (ST),NABARANGPUR (ST),120031.0,MOTTU,431139.0,NUAGUDA,VILLAGE,7.0,31.0,17.0,14.0,5.0,5.0,0.0,26.0,12.0,14.0,0.0463152076098048,9.8353196329092e-05,,,,,,,,,,,
51263,147,150,21,ODISHA,399,MALKANGIRI,MALKANGIRI (ST),12,NABRANGPUR (ST),146,3.59829358254406,0.253869445259462,50379.0,21.0,ODISHA,399.0,MALKANGIRI,3229.0,M.V-79 P.S,3486.0,PODIA,RURAL,MALKANGIRI (ST),NABARANGPUR (ST),120036.0,TANDBAI,431117.0,MADHUSUDAN PAL,VILLAGE,201.0,1006.0,523.0,483.0,596.0,363.0,233.0,410.0,160.0,250.0,0.084290841947331,0.0003788589880762,,,,,,,,,,,
51267,147,150,21,ODISHA,399,MALKANGIRI,MALKANGIRI (ST),12,NABRANGPUR (ST),146,3.59829358254406,0.253869445259462,49752.0,21.0,ODISHA,399.0,MALKANGIRI,3230.0,MOTU P.S,3480.0,KALIMELA,UI,MALKANGIRI (ST),NABARANGPUR (ST),119942.0,MALAVARAM,431179.0,TINDRASPALLY,VILLAGE (UI),0.0,0.0,0.0,0.0,0.0,0.0,0.0,0.0,0.0,0.0,0.135052709419066,0.0007351200553292,,,,,,,,,,,
51273,147,150,21,ODISHA,399,MALKANGIRI,MALKANGIRI (ST),12,NABRANGPUR (ST),146,3.59829358254406,0.253869445259462,50342.0,21.0,ODISHA,399.0,MALKANGIRI,3230.0,MOTU P.S,3480.0,KALIMELA,RURAL,MALKANGIRI (ST),NABARANGPUR (ST),119943.0,MANYAMKUNDA,431181.0,KUSUMPUT,VILLAGE,44.0,164.0,79.0,85.0,20.0,14.0,6.0,144.0,65.0,79.0,0.0391024051188358,7.85018401128596e-05,,,,,,,,,,,
51286,147,150,21,ODISHA,399,MALKANGIRI,MALKANGIRI (ST),12,NABRANGPUR (ST),146,3.59829358254406,0.253869445259462,50011.0,21.0,ODISHA,399.0,MALKANGIRI,3230.0,MOTU P.S,3486.0,PODIA,RURAL,MALKANGIRI (ST),NABARANGPUR (ST),120031.0,MOTTU,431172.0,PUSUGUDA (R.F.),VILLAGE,135.0,615.0,311.0,304.0,287.0,174.0,113.0,328.0,137.0,191.0,0.133402127848764,0.0010258573063738,,,,,,,,,,,
51289,147,150,21,ODISHA,399,MALKANGIRI,MALKANGIRI (ST),12,NABRANGPUR (ST),146,3.59829358254406,0.253869445259462,50210.0,21.0,ODISHA,399.0,MALKANGIRI,3230.0,MOTU P.S,3486.0,PODIA,RURAL,MALKANGIRI (ST),NABARANGPUR (ST),120031.0,MOTTU,431174.0,KAMALPURAM,VILLAGE,40.0,184.0,95.0,89.0,7.0,5.0,2.0,177.0,90.0,87.0,0.025004429622682,3.40284543285785e-05,,,,,,,,,,,
51295,147,150,21,ODISHA,399,MALKANGIRI,MALKANGIRI (ST),12,NABRANGPUR (ST),146,3.59829358254406,0.253869445259462,50207.0,21.0,ODISHA,399.0,MALKANGIRI,3230.0,MOTU P.S,3486.0,PODIA,RURAL,MALKANGIRI (ST),NABARANGPUR (ST),120031.0,MOTTU,431142.0,SILAGUDA,VILLAGE,7.0,35.0,21.0,14.0,5.0,4.0,1.0,30.0,17.0,13.0,0.0321513169113539,6.45356615852944e-05,,,,,,,,,,,
51299,147,150,21,ODISHA,399,MALKANGIRI,MALKANGIRI (ST),12,NABRANGPUR (ST),146,3.59829358254406,0.253869445259462,50209.0,21.0,ODISHA,399.0,MALKANGIRI,3230.0,MOTU P.S,3486.0,PODIA,RURAL,MALKANGIRI (ST),NABARANGPUR (ST),120031.0,MOTTU,431145.0,LACHHIPURAM,VILLAGE,29.0,107.0,51.0,56.0,22.0,13.0,9.0,85.0,38.0,47.0,0.027440921658204,5.02889176818677e-05,,,,,,,,,,,
51301,147,150,21,ODISHA,399,MALKANGIRI,MALKANGIRI (ST),12,NABRANGPUR (ST),146,3.59829358254406,0.253869445259462,50402.0,21.0,ODISHA,399.0,MALKANGIRI,3230.0,MOTU P.S,3486.0,PODIA,RURAL,MALKANGIRI (ST),NABARANGPUR (ST),120031.0,MOTTU,431173.0,SUNABEDA,VILLAGE,19.0,60.0,30.0,30.0,7.0,5.0,2.0,53.0,25.0,28.0,0.0374058923475051,7.68692077622372e-05,,,,,,,,,,,
51302,147,150,21,ODISHA,399,MALKANGIRI,MALKANGIRI (ST),12,NABRANGPUR (ST),146,3.59829358254406,0.253869445259462,50415.0,21.0,ODISHA,399.0,MALKANGIRI,3230.0,MOTU P.S,3486.0,PODIA,RURAL,MALKANGIRI (ST),NABARANGPUR (ST),120031.0,MOTTU,431143.0,REDDIPAL,VILLAGE,20.0,65.0,28.0,37.0,13.0,7.0,6.0,52.0,21.0,31.0,0.0242141812198756,2.8051403301922e-05,,,,,,,,,,,
51303,147,150,21,ODISHA,399,MALKANGIRI,MALKANGIRI (ST),12,NABRANGPUR (ST),146,3.59829358254406,0.253869445259462,50416.0,21.0,ODISHA,399.0,MALKANGIRI,3230.0,MOTU P.S,3486.0,PODIA,RURAL,MALKANGIRI (ST),NABARANGPUR (ST),120031.0,MOTTU,431163.0,RAMBHARAM,VILLAGE,48.0,187.0,97.0,90.0,34.0,20.0,14.0,153.0,77.0,76.0,0.0185902988726234,1.66846735802332e-05,,,,,,,,,,,
51307,147,150,21,ODISHA,399,MALKANGIRI,MALKANGIRI (ST),12,NABRANGPUR (ST),146,3.59829358254406,0.253869445259462,50396.0,21.0,ODISHA,399.0,MALKANGIRI,3230.0,MOTU P.S,3486.0,PODIA,RURAL,MALKANGIRI (ST),NABARANGPUR (ST),120031.0,MOTTU,431138.0,MESAGUDA,VILLAGE,6.0,24.0,12.0,12.0,3.0,2.0,1.0,21.0,10.0,11.0,0.0371483214758581,7.5455707232251e-05,,,,,,,,,,,
51309,147,150,21,ODISHA,399,MALKANGIRI,MALKANGIRI (ST),12,NABRANGPUR (ST),146,3.59829358254406,0.253869445259462,50397.0,21.0,ODISHA,399.0,MALKANGIRI,3230.0,MOTU P.S,3486.0,PODIA,RURAL,MALKANGIRI (ST),NABARANGPUR (ST),120031.0,MOTTU,431137.0,LAXMANGUDA,VILLAGE,10.0,40.0,18.0,22.0,18.0,11.0,7.0,22.0,7.0,15.0,0.0462446940991568,9.89949034677646e-05,,,,,,,,,,,
51310,147,150,21,ODISHA,399,MALKANGIRI,MALKANGIRI (ST),12,NABRANGPUR (ST),146,3.59829358254406,0.253869445259462,50206.0,21.0,ODISHA,399.0,MALKANGIRI,3230.0,MOTU P.S,3486.0,PODIA,RURAL,MALKANGIRI (ST),NABARANGPUR (ST),120031.0,MOTTU,431141.0,BAPANGUDA,VILLAGE,32.0,162.0,87.0,75.0,28.0,18.0,10.0,134.0,69.0,65.0,0.0278434323217214,5.58263463088201e-05,,,,,,,,,,,
